"dbpedia_id_5643","movie_id_644","0.7"
"dbpedia_id_2472","movie_id_3664","0.7"
"dbpedia_id_5471","movie_id_6360","0.7"
"dbpedia_id_6438","movie_id_8379","0.7"
"dbpedia_id_1189","movie_id_1882","1.0"
"dbpedia_id_6405","movie_id_7670","0.7"
"dbpedia_id_1086","movie_id_6695","0.7"
"dbpedia_id_3934","movie_id_2930","0.7"
"dbpedia_id_1155","movie_id_886","0.7"
"dbpedia_id_9948","movie_id_3701","0.7"
"dbpedia_id_7170","movie_id_4155","0.7"
"dbpedia_id_7154","movie_id_5639","0.7"
"dbpedia_id_5103","movie_id_7762","0.7"
"dbpedia_id_7929","movie_id_8842","0.7"
"dbpedia_id_1074","movie_id_4544","0.7"
"dbpedia_id_9639","movie_id_1894","0.7"
"dbpedia_id_2775","movie_id_7722","0.7"
"dbpedia_id_2537","movie_id_824","0.7"
"dbpedia_id_5792","movie_id_6789","0.7"
"dbpedia_id_3631","movie_id_9027","0.7"
"dbpedia_id_5559","movie_id_6425","0.7"
"dbpedia_id_5527","movie_id_3341","0.7"
"dbpedia_id_2551","movie_id_8735","0.7"
"dbpedia_id_1174","movie_id_7852","0.7"
"dbpedia_id_9379","movie_id_4812","0.7"
"dbpedia_id_3175","movie_id_2326","0.7"
"dbpedia_id_2644","movie_id_6516","0.7"
"dbpedia_id_4532","movie_id_9700","0.7"
"dbpedia_id_10071","movie_id_1962","0.7"
"dbpedia_id_2542","movie_id_7863","0.7"
"dbpedia_id_9238","movie_id_3431","0.7"
"dbpedia_id_1462","movie_id_7253","0.7"
"dbpedia_id_5279","movie_id_9676","0.7"
"dbpedia_id_6680","movie_id_1881","0.7"
"dbpedia_id_5405","movie_id_9722","0.7"
"dbpedia_id_5236","movie_id_4062","0.7"
"dbpedia_id_2013","movie_id_1594","0.7"
"dbpedia_id_1554","movie_id_3872","0.7"
"dbpedia_id_5458","movie_id_1210","0.7"
"dbpedia_id_5148","movie_id_3574","0.7"
"dbpedia_id_10065","movie_id_8083","0.7"
"dbpedia_id_5494","movie_id_5053","0.7"
"dbpedia_id_10016","movie_id_6414","0.7"
"dbpedia_id_9343","movie_id_5477","0.7"
"dbpedia_id_5347","movie_id_1501","0.7"
"dbpedia_id_9993","movie_id_4340","0.7"
"dbpedia_id_3251","movie_id_1036","0.7"
"dbpedia_id_9365","movie_id_2717","0.7"
"dbpedia_id_7383","movie_id_9522","0.7"
"dbpedia_id_2028","movie_id_640","0.7"
"dbpedia_id_9200","movie_id_8586","0.7"
"dbpedia_id_3626","movie_id_5877","1.0"
"dbpedia_id_9503","movie_id_2690","0.7"
"dbpedia_id_1759","movie_id_3283","0.7"
"dbpedia_id_3215","movie_id_3146","0.7"
"dbpedia_id_1190","movie_id_5572","0.7"
"dbpedia_id_9283","movie_id_5728","0.7"
"dbpedia_id_1502","movie_id_5173","0.7"
"dbpedia_id_2014","movie_id_361","0.7"
"dbpedia_id_7259","movie_id_1613","0.7"
"dbpedia_id_4122","movie_id_963","0.7"
"dbpedia_id_1144","movie_id_1829","0.7"
"dbpedia_id_7209","movie_id_5206","0.7"
"dbpedia_id_8329","movie_id_3867","0.7"
"dbpedia_id_3984","movie_id_1689","0.7"
"dbpedia_id_9323","movie_id_4133","0.7"
"dbpedia_id_9165","movie_id_3589","0.7"
"dbpedia_id_3744","movie_id_7818","0.7"
"dbpedia_id_6735","movie_id_7460","0.7"
"dbpedia_id_7406","movie_id_2927","0.7"
"dbpedia_id_9251","movie_id_6997","0.7"
"dbpedia_id_9216","movie_id_4881","0.7"
"dbpedia_id_7357","movie_id_1651","0.7"
"dbpedia_id_5351","movie_id_7190","1.0"
"dbpedia_id_2078","movie_id_6119","0.7"
"dbpedia_id_5259","movie_id_650","0.7"
"dbpedia_id_2526","movie_id_5299","0.7"
"dbpedia_id_1494","movie_id_2093","0.7"
"dbpedia_id_1096","movie_id_921","0.7"
"dbpedia_id_5839","movie_id_9465","0.7"
"dbpedia_id_3888","movie_id_7784","0.7"
"dbpedia_id_7401","movie_id_3367","0.7"
"dbpedia_id_9746","movie_id_6566","0.7"
"dbpedia_id_3280","movie_id_585","0.7"
"dbpedia_id_6788","movie_id_1715","0.7"
"dbpedia_id_5155","movie_id_968","0.7"
"dbpedia_id_9398","movie_id_4337","0.7"
"dbpedia_id_4105","movie_id_488","0.7"
"dbpedia_id_1669","movie_id_9399","0.7"
"dbpedia_id_6815","movie_id_6783","0.7"
"dbpedia_id_5534","movie_id_1151","0.7"
"dbpedia_id_7233","movie_id_1513","0.7"
"dbpedia_id_3557","movie_id_2374","0.7"
"dbpedia_id_9096","movie_id_4080","0.7"
"dbpedia_id_4610","movie_id_7000","0.7"
"dbpedia_id_7818","movie_id_8232","1.0"
"dbpedia_id_2593","movie_id_3579","0.7"
"dbpedia_id_9483","movie_id_7310","0.7"
"dbpedia_id_6562","movie_id_6430","0.7"
"dbpedia_id_8553","movie_id_9830","0.7"
"dbpedia_id_4883","movie_id_6558","0.7"
"dbpedia_id_1442","movie_id_6424","0.7"
"dbpedia_id_5536","movie_id_512","0.7"
"dbpedia_id_3179","movie_id_5543","0.7"
"dbpedia_id_2895","movie_id_5898","0.7"
"dbpedia_id_1167","movie_id_899","0.7"
"dbpedia_id_9962","movie_id_4251","0.7"
"dbpedia_id_2084","movie_id_4083","0.7"
"dbpedia_id_6479","movie_id_8380","0.7"
"dbpedia_id_9187","movie_id_3270","0.7"
"dbpedia_id_6303","movie_id_8951","0.7"
"dbpedia_id_6765","movie_id_183","0.7"
"dbpedia_id_7251","movie_id_1863","0.7"
"dbpedia_id_2504","movie_id_2718","0.7"
"dbpedia_id_2355","movie_id_9225","0.7"
"dbpedia_id_5482","movie_id_409","0.7"
"dbpedia_id_5327","movie_id_1990","0.7"
"dbpedia_id_2000","movie_id_2308","0.7"
"dbpedia_id_1760","movie_id_9240","0.7"
"dbpedia_id_7345","movie_id_1072","0.7"
"dbpedia_id_4459","movie_id_8120","0.7"
"dbpedia_id_9375","movie_id_948","0.7"
"dbpedia_id_1040","movie_id_5162","0.7"
"dbpedia_id_5594","movie_id_3476","0.7"
"dbpedia_id_3376","movie_id_8168","0.7"
"dbpedia_id_3136","movie_id_6650","0.7"
"dbpedia_id_9125","movie_id_2482","0.7"
"dbpedia_id_2480","movie_id_7115","0.7"
"dbpedia_id_2060","movie_id_1529","0.7"
"dbpedia_id_6863","movie_id_7361","0.7"
"dbpedia_id_5230","movie_id_4936","0.7"
"dbpedia_id_7013","movie_id_928","0.7"
"dbpedia_id_9252","movie_id_9712","0.7"
"dbpedia_id_134","movie_id_4775","0.7"
"dbpedia_id_197","movie_id_8616","0.7"
"dbpedia_id_9804","movie_id_652","0.7"
"dbpedia_id_3318","movie_id_3311","0.7"
"dbpedia_id_2565","movie_id_6249","0.7"
"dbpedia_id_4015","movie_id_266","0.7"
"dbpedia_id_7266","movie_id_9144","0.7"
"dbpedia_id_3001","movie_id_1150","0.7"
"dbpedia_id_5644","movie_id_6211","0.7"
"dbpedia_id_791","movie_id_4498","0.7"
"dbpedia_id_7099","movie_id_4580","0.7"
"dbpedia_id_6023","movie_id_1686","0.7"
"dbpedia_id_7187","movie_id_5135","0.7"
"dbpedia_id_5234","movie_id_2467","0.7"
"dbpedia_id_6782","movie_id_5104","0.7"
"dbpedia_id_10047","movie_id_494","0.7"
"dbpedia_id_8254","movie_id_7954","0.9124999999999999"
"dbpedia_id_4004","movie_id_1527","0.7"
"dbpedia_id_5402","movie_id_6955","0.7"
"dbpedia_id_5156","movie_id_6919","0.7"
"dbpedia_id_3741","movie_id_7856","0.7"
"dbpedia_id_7253","movie_id_1009","0.7"
"dbpedia_id_1134","movie_id_489","0.7"
"dbpedia_id_5187","movie_id_7048","0.7"
"dbpedia_id_1010","movie_id_7087","0.7"
"dbpedia_id_4758","movie_id_1856","0.7"
"dbpedia_id_4521","movie_id_6521","0.7"
"dbpedia_id_9889","movie_id_2351","0.7"
"dbpedia_id_9787","movie_id_2087","1.0"
"dbpedia_id_4142","movie_id_8759","0.7"
"dbpedia_id_5635","movie_id_5957","0.7"
"dbpedia_id_3844","movie_id_6178","0.7"
"dbpedia_id_4170","movie_id_9292","0.7"
"dbpedia_id_1918","movie_id_8044","0.7"
"dbpedia_id_5239","movie_id_6757","0.7"
"dbpedia_id_9956","movie_id_1837","0.7"
"dbpedia_id_1495","movie_id_2093","0.7"
"dbpedia_id_4232","movie_id_30","0.7"
"dbpedia_id_7343","movie_id_896","0.7"
"dbpedia_id_1799","movie_id_8203","0.7"
"dbpedia_id_5217","movie_id_2426","0.7"
"dbpedia_id_4213","movie_id_1314","0.7"
"dbpedia_id_2564","movie_id_3800","0.7"
"dbpedia_id_6832","movie_id_1483","0.7"
"dbpedia_id_873","movie_id_9207","0.7"
"dbpedia_id_209","movie_id_1686","0.7"
"dbpedia_id_8730","movie_id_6444","0.7"
"dbpedia_id_3471","movie_id_4696","0.7"
"dbpedia_id_3358","movie_id_7039","0.7"
"dbpedia_id_3105","movie_id_9012","0.7"
"dbpedia_id_7169","movie_id_825","0.7"
"dbpedia_id_1458","movie_id_2157","0.7"
"dbpedia_id_4853","movie_id_6926","0.7"
"dbpedia_id_4072","movie_id_2132","0.7"
"dbpedia_id_6941","movie_id_3321","0.7"
"dbpedia_id_9968","movie_id_420","0.7"
"dbpedia_id_3819","movie_id_8229","0.7"
"dbpedia_id_9572","movie_id_3396","0.7"
"dbpedia_id_806","movie_id_5321","0.7"
"dbpedia_id_7549","movie_id_7594","0.7"
"dbpedia_id_2650","movie_id_4291","0.7"
"dbpedia_id_6034","movie_id_9104","0.7"
"dbpedia_id_9829","movie_id_7606","0.7"
"dbpedia_id_9211","movie_id_2709","0.7"
"dbpedia_id_1117","movie_id_9337","0.7"
"dbpedia_id_5244","movie_id_8258","0.7"
"dbpedia_id_9372","movie_id_1333","0.7"
"dbpedia_id_9458","movie_id_1390","0.7"
"dbpedia_id_4179","movie_id_5490","0.7"
"dbpedia_id_2150","movie_id_6064","0.7"
"dbpedia_id_2521","movie_id_3772","0.7"
"dbpedia_id_10043","movie_id_6080","0.7"
"dbpedia_id_7655","movie_id_2852","0.7"
"dbpedia_id_1995","movie_id_4274","0.7"
"dbpedia_id_7176","movie_id_7980","0.7"
"dbpedia_id_7125","movie_id_869","0.7"
"dbpedia_id_6862","movie_id_7231","0.7"
"dbpedia_id_7430","movie_id_4767","0.7"
"dbpedia_id_9118","movie_id_1420","0.7"
"dbpedia_id_5478","movie_id_9009","0.7"
"dbpedia_id_4040","movie_id_679","0.7"
"dbpedia_id_9880","movie_id_2961","0.7"
"dbpedia_id_9092","movie_id_1550","0.7"
"dbpedia_id_1222","movie_id_9370","0.7"
"dbpedia_id_170","movie_id_6749","0.7"
"dbpedia_id_5255","movie_id_237","0.7"
"dbpedia_id_5633","movie_id_828","0.7"
"dbpedia_id_2029","movie_id_2148","0.7"
"dbpedia_id_9749","movie_id_8393","0.7"
"dbpedia_id_2700","movie_id_2936","0.7"
"dbpedia_id_2578","movie_id_6097","0.7"
"dbpedia_id_3166","movie_id_207","0.7"
"dbpedia_id_9104","movie_id_5064","0.7"
"dbpedia_id_6513","movie_id_2187","0.7"
"dbpedia_id_4080","movie_id_6842","0.7"
"dbpedia_id_5638","movie_id_5955","0.7"
"dbpedia_id_8508","movie_id_3407","0.7"
"dbpedia_id_7272","movie_id_5287","0.7"
"dbpedia_id_2024","movie_id_6116","0.7"
"dbpedia_id_2612","movie_id_710","0.7"
"dbpedia_id_9153","movie_id_3037","0.7"
"dbpedia_id_5514","movie_id_1165","0.7"
"dbpedia_id_2495","movie_id_5772","0.7"
"dbpedia_id_9620","movie_id_7042","0.7"
"dbpedia_id_5219","movie_id_3342","0.7"
"dbpedia_id_2625","movie_id_4058","0.7"
"dbpedia_id_9918","movie_id_857","0.7"
"dbpedia_id_7358","movie_id_4348","0.825"
"dbpedia_id_3163","movie_id_7889","0.7"
"dbpedia_id_3998","movie_id_6056","0.7"
"dbpedia_id_3167","movie_id_4684","0.7"
"dbpedia_id_6285","movie_id_5106","0.7"
"dbpedia_id_9247","movie_id_5635","0.7"
"dbpedia_id_1847","movie_id_8401","0.7"
"dbpedia_id_7015","movie_id_9729","0.7"
"dbpedia_id_7320","movie_id_836","0.7"
"dbpedia_id_4268","movie_id_812","0.7"
"dbpedia_id_1135","movie_id_489","0.7"
"dbpedia_id_5328","movie_id_3084","0.7"
"dbpedia_id_4246","movie_id_467","0.7"
"dbpedia_id_6859","movie_id_1825","0.7"
"dbpedia_id_6809","movie_id_5668","0.7"
"dbpedia_id_9467","movie_id_8989","0.7"
"dbpedia_id_5548","movie_id_2419","0.7"
"dbpedia_id_1567","movie_id_390","0.7"
"dbpedia_id_9479","movie_id_9351","0.7"
"dbpedia_id_2080","movie_id_4672","0.7"
"dbpedia_id_2204","movie_id_7761","0.7"
"dbpedia_id_4177","movie_id_2108","0.7"
"dbpedia_id_9881","movie_id_5178","0.7"
"dbpedia_id_5139","movie_id_3676","0.7"
"dbpedia_id_5184","movie_id_1505","0.7"
"dbpedia_id_2625","movie_id_5312","0.7"
"dbpedia_id_3191","movie_id_804","0.7"
"dbpedia_id_5810","movie_id_6923","0.7"
"dbpedia_id_2018","movie_id_665","0.7"
"dbpedia_id_2552","movie_id_1978","0.7"
"dbpedia_id_9405","movie_id_4933","0.7"
"dbpedia_id_2686","movie_id_127","0.7"
"dbpedia_id_5456","movie_id_3181","0.7"
"dbpedia_id_2005","movie_id_2992","0.7"
"dbpedia_id_1042","movie_id_6106","0.7"
"dbpedia_id_7062","movie_id_1913","0.7"
"dbpedia_id_9275","movie_id_8850","0.7"
"dbpedia_id_165","movie_id_8153","0.7"
"dbpedia_id_1099","movie_id_5327","0.7"
"dbpedia_id_7641","movie_id_7229","0.7"
"dbpedia_id_7476","movie_id_7053","0.7"
"dbpedia_id_9883","movie_id_9786","0.7"
"dbpedia_id_1424","movie_id_6718","0.7"
"dbpedia_id_9191","movie_id_3328","0.7"
"dbpedia_id_5132","movie_id_2425","0.7"
"dbpedia_id_5142","movie_id_2879","0.7"
"dbpedia_id_5109","movie_id_577","0.7"
"dbpedia_id_3973","movie_id_7399","0.7"
"dbpedia_id_7189","movie_id_7663","1.0"
"dbpedia_id_977","movie_id_4141","0.7"
"dbpedia_id_1528","movie_id_8500","0.7"
"dbpedia_id_889","movie_id_873","0.7"
"dbpedia_id_9680","movie_id_7504","0.7"
"dbpedia_id_6472","movie_id_7990","0.7"
"dbpedia_id_831","movie_id_5059","0.7"
"dbpedia_id_3952","movie_id_3744","0.7"
"dbpedia_id_5555","movie_id_6090","0.7"
"dbpedia_id_158","movie_id_3796","0.7"
"dbpedia_id_5360","movie_id_2797","0.7"
"dbpedia_id_4072","movie_id_6961","0.7"
"dbpedia_id_5403","movie_id_3806","0.7"
"dbpedia_id_9544","movie_id_2698","0.7"
"dbpedia_id_9605","movie_id_8442","0.7"
"dbpedia_id_9659","movie_id_1357","0.7"
"dbpedia_id_3284","movie_id_5334","0.7"
"dbpedia_id_4387","movie_id_4105","0.7"
"dbpedia_id_1497","movie_id_4869","0.7"
"dbpedia_id_4321","movie_id_8764","0.7"
"dbpedia_id_1996","movie_id_2500","0.7"
"dbpedia_id_9602","movie_id_4327","0.7"
"dbpedia_id_7758","movie_id_7265","0.7"
"dbpedia_id_8706","movie_id_3219","0.7"
"dbpedia_id_7238","movie_id_887","0.7"
"dbpedia_id_9339","movie_id_1030","0.7"
"dbpedia_id_9280","movie_id_4947","0.7"
"dbpedia_id_1552","movie_id_2243","0.7"
"dbpedia_id_9464","movie_id_6970","0.7"
"dbpedia_id_1980","movie_id_76","0.7"
"dbpedia_id_6873","movie_id_181","0.7"
"dbpedia_id_1162","movie_id_5182","0.7"
"dbpedia_id_877","movie_id_5320","0.7"
"dbpedia_id_2019","movie_id_1803","0.7"
"dbpedia_id_10055","movie_id_2070","0.7"
"dbpedia_id_9809","movie_id_9076","0.7"
"dbpedia_id_3187","movie_id_7152","0.7"
"dbpedia_id_6987","movie_id_9458","0.7"
"dbpedia_id_9593","movie_id_2412","0.7"
"dbpedia_id_2312","movie_id_5351","0.7"
"dbpedia_id_5530","movie_id_8244","0.7"
"dbpedia_id_3300","movie_id_885","0.7"
"dbpedia_id_8426","movie_id_2252","0.7"
"dbpedia_id_7064","movie_id_8988","0.7"
"dbpedia_id_7008","movie_id_4996","0.7"
"dbpedia_id_4374","movie_id_5834","0.7"
"dbpedia_id_7215","movie_id_5838","0.7"
"dbpedia_id_1311","movie_id_738","0.7"
"dbpedia_id_7373","movie_id_5799","0.7"
"dbpedia_id_7572","movie_id_2499","0.7"
"dbpedia_id_2023","movie_id_659","0.7"
"dbpedia_id_216","movie_id_7295","0.7"
"dbpedia_id_394","movie_id_77","0.7"
"dbpedia_id_2079","movie_id_8868","0.7"
"dbpedia_id_1542","movie_id_5662","0.7"
"dbpedia_id_7093","movie_id_4356","0.7"
"dbpedia_id_5137","movie_id_1142","0.7"
"dbpedia_id_3083","movie_id_5292","0.7"
"dbpedia_id_7243","movie_id_821","0.7"
"dbpedia_id_9334","movie_id_2931","0.7"
"dbpedia_id_1073","movie_id_3227","0.7"
"dbpedia_id_3963","movie_id_6417","0.7"
"dbpedia_id_9900","movie_id_7875","0.7"
"dbpedia_id_5869","movie_id_1715","0.7"
"dbpedia_id_9255","movie_id_4600","0.7"
"dbpedia_id_9492","movie_id_2452","0.7"
"dbpedia_id_8137","movie_id_7823","0.7"
"dbpedia_id_3301","movie_id_8651","0.7"
"dbpedia_id_5190","movie_id_645","0.7"
"dbpedia_id_3995","movie_id_1901","0.7"
"dbpedia_id_6048","movie_id_8225","0.7"
"dbpedia_id_9442","movie_id_2877","0.7"
"dbpedia_id_6849","movie_id_4442","0.7"
"dbpedia_id_4600","movie_id_8220","0.7"
"dbpedia_id_6915","movie_id_670","0.7"
"dbpedia_id_4068","movie_id_2084","0.7"
"dbpedia_id_4091","movie_id_4275","0.7"
"dbpedia_id_1530","movie_id_2794","0.7"
"dbpedia_id_9288","movie_id_8570","0.7"
"dbpedia_id_10098","movie_id_5710","0.7"
"dbpedia_id_6601","movie_id_3233","0.7"
"dbpedia_id_3382","movie_id_7487","0.7"
"dbpedia_id_5006","movie_id_5481","0.7"
"dbpedia_id_9910","movie_id_5268","0.7"
"dbpedia_id_5646","movie_id_1408","0.7"
"dbpedia_id_4593","movie_id_6134","1.0"
"dbpedia_id_7353","movie_id_1332","0.7"
"dbpedia_id_1588","movie_id_1033","0.7"
"dbpedia_id_9076","movie_id_3163","0.7"
"dbpedia_id_5474","movie_id_1337","0.7"
"dbpedia_id_1488","movie_id_379","0.7"
"dbpedia_id_1148","movie_id_4250","0.7"
"dbpedia_id_2509","movie_id_6764","0.7"
"dbpedia_id_10049","movie_id_8820","0.7"
"dbpedia_id_4220","movie_id_506","0.7"
"dbpedia_id_1132","movie_id_7475","0.7"
"dbpedia_id_3155","movie_id_3958","0.7"
"dbpedia_id_5573","movie_id_776","0.7"
"dbpedia_id_7234","movie_id_1513","0.7"
"dbpedia_id_7131","movie_id_269","0.7"
"dbpedia_id_7085","movie_id_2554","0.7"
"dbpedia_id_8815","movie_id_4615","0.7"
"dbpedia_id_5338","movie_id_4487","0.7"
"dbpedia_id_1505","movie_id_178","0.7"
"dbpedia_id_1602","movie_id_4453","0.7"
"dbpedia_id_4098","movie_id_1365","0.7"
"dbpedia_id_7589","movie_id_9545","0.7"
"dbpedia_id_7444","movie_id_7369","0.7"
"dbpedia_id_827","movie_id_3225","0.7"
"dbpedia_id_4341","movie_id_7451","0.7"
"dbpedia_id_4030","movie_id_1636","0.7"
"dbpedia_id_1200","movie_id_8182","0.7"
"dbpedia_id_9260","movie_id_2589","0.7"
"dbpedia_id_6302","movie_id_2575","0.7"
"dbpedia_id_3993","movie_id_1288","0.7"
"dbpedia_id_1586","movie_id_1136","0.7"
"dbpedia_id_7562","movie_id_4310","0.7"
"dbpedia_id_5507","movie_id_6652","0.7"
"dbpedia_id_3200","movie_id_6231","0.7"
"dbpedia_id_5872","movie_id_3324","0.7"
"dbpedia_id_3643","movie_id_9419","0.7"
"dbpedia_id_5833","movie_id_3560","0.7"
"dbpedia_id_9816","movie_id_7469","0.7"
"dbpedia_id_8641","movie_id_8470","0.7"
"dbpedia_id_1946","movie_id_2954","0.7"
"dbpedia_id_4097","movie_id_6913","0.7"
"dbpedia_id_5263","movie_id_1696","0.7"
"dbpedia_id_9972","movie_id_112","0.7"
"dbpedia_id_4117","movie_id_8177","1.0"
"dbpedia_id_7052","movie_id_8881","0.7"
"dbpedia_id_9080","movie_id_9396","0.7"
"dbpedia_id_5131","movie_id_1060","0.7"
"dbpedia_id_9939","movie_id_7340","0.7"
"dbpedia_id_3900","movie_id_9467","0.7"
"dbpedia_id_5194","movie_id_1252","0.7"
"dbpedia_id_7263","movie_id_1310","0.7"
"dbpedia_id_2738","movie_id_7732","0.7"
"dbpedia_id_4183","movie_id_9169","0.7"
"dbpedia_id_3210","movie_id_8810","1.0"
"dbpedia_id_10056","movie_id_14","0.7"
"dbpedia_id_5445","movie_id_5717","0.7"
"dbpedia_id_6613","movie_id_8819","1.0"
"dbpedia_id_4494","movie_id_8341","0.7"
"dbpedia_id_4011","movie_id_1875","0.7"
"dbpedia_id_2419","movie_id_8448","0.7"
"dbpedia_id_6908","movie_id_2375","0.7"
"dbpedia_id_9403","movie_id_1418","0.7"
"dbpedia_id_4781","movie_id_9655","0.7"
"dbpedia_id_5977","movie_id_2841","0.7"
"dbpedia_id_5323","movie_id_4149","0.7"
"dbpedia_id_2591","movie_id_5632","0.7"
"dbpedia_id_2075","movie_id_142","0.7"
"dbpedia_id_1620","movie_id_3886","0.7"
"dbpedia_id_3162","movie_id_4976","0.7"
"dbpedia_id_363","movie_id_7821","0.7"
"dbpedia_id_6596","movie_id_8149","0.7"
"dbpedia_id_3976","movie_id_244","0.7"
"dbpedia_id_1684","movie_id_9778","0.7"
"dbpedia_id_7365","movie_id_5201","0.7"
"dbpedia_id_8934","movie_id_7089","0.7"
"dbpedia_id_1082","movie_id_8009","0.7"
"dbpedia_id_3726","movie_id_6887","0.7"
"dbpedia_id_1328","movie_id_5340","0.7"
"dbpedia_id_9535","movie_id_4390","0.7"
"dbpedia_id_1503","movie_id_3063","0.7"
"dbpedia_id_9973","movie_id_9023","0.7"
"dbpedia_id_5112","movie_id_2024","0.7"
"dbpedia_id_5191","movie_id_201","0.7"
"dbpedia_id_5728","movie_id_4823","0.7"
"dbpedia_id_953","movie_id_6485","0.7"
"dbpedia_id_9192","movie_id_6167","0.7"
"dbpedia_id_9727","movie_id_5317","0.7"
"dbpedia_id_9421","movie_id_1292","0.7"
"dbpedia_id_1969","movie_id_6654","0.7"
"dbpedia_id_9812","movie_id_264","0.7"
"dbpedia_id_9794","movie_id_8944","0.7"
"dbpedia_id_2619","movie_id_298","0.7"
"dbpedia_id_4012","movie_id_2116","0.7"
"dbpedia_id_3980","movie_id_3836","0.7"
"dbpedia_id_3199","movie_id_6231","0.7"
"dbpedia_id_5401","movie_id_1198","0.7"
"dbpedia_id_6855","movie_id_7200","0.7"
"dbpedia_id_1790","movie_id_4485","0.7"
"dbpedia_id_645","movie_id_5918","0.7"
"dbpedia_id_6695","movie_id_7942","0.7"
"dbpedia_id_1810","movie_id_6010","0.7"
"dbpedia_id_5371","movie_id_2167","0.7"
"dbpedia_id_4169","movie_id_9818","0.7"
"dbpedia_id_5640","movie_id_9554","0.7"
"dbpedia_id_1544","movie_id_7557","0.7"
"dbpedia_id_2630","movie_id_3439","0.7"
"dbpedia_id_2043","movie_id_5734","0.7"
"dbpedia_id_9175","movie_id_4525","0.7"
"dbpedia_id_4026","movie_id_6890","0.7"
"dbpedia_id_7445","movie_id_7369","0.7"
"dbpedia_id_2548","movie_id_5917","0.7"
"dbpedia_id_1127","movie_id_5956","0.7"
"dbpedia_id_3764","movie_id_6155","0.7"
"dbpedia_id_3310","movie_id_4900","0.7"
"dbpedia_id_1089","movie_id_6945","0.7"
"dbpedia_id_2750","movie_id_3929","0.7"
"dbpedia_id_3201","movie_id_4160","0.7"
"dbpedia_id_5409","movie_id_7774","0.7"
"dbpedia_id_10026","movie_id_3962","1.0"
"dbpedia_id_3320","movie_id_8293","0.7"
"dbpedia_id_9870","movie_id_3255","0.7"
"dbpedia_id_2511","movie_id_439","0.7"
"dbpedia_id_1603","movie_id_7873","0.7"
"dbpedia_id_9970","movie_id_3997","0.7"
"dbpedia_id_9185","movie_id_4497","0.7"
"dbpedia_id_7083","movie_id_9374","0.7"
"dbpedia_id_346","movie_id_1440","0.7"
"dbpedia_id_9534","movie_id_2344","0.7"
"dbpedia_id_3331","movie_id_2924","0.7"
"dbpedia_id_2468","movie_id_6130","0.7"
"dbpedia_id_4930","movie_id_2415","0.7"
"dbpedia_id_8782","movie_id_8580","0.7"
"dbpedia_id_1579","movie_id_524","0.7"
"dbpedia_id_5611","movie_id_905","0.7"
"dbpedia_id_6911","movie_id_735","0.7"
"dbpedia_id_10034","movie_id_7038","0.7"
"dbpedia_id_1172","movie_id_5684","0.7"
"dbpedia_id_9426","movie_id_3231","0.7"
"dbpedia_id_6387","movie_id_3615","0.7"
"dbpedia_id_5233","movie_id_8006","0.7"
"dbpedia_id_4025","movie_id_1806","0.7"
"dbpedia_id_4670","movie_id_9695","0.7"
"dbpedia_id_786","movie_id_9647","0.7"
"dbpedia_id_9406","movie_id_676","0.7"
"dbpedia_id_2011","movie_id_3236","0.7"
"dbpedia_id_9159","movie_id_4794","0.7"
"dbpedia_id_2562","movie_id_3996","0.7"
"dbpedia_id_6910","movie_id_1592","0.7"
"dbpedia_id_3205","movie_id_5508","0.7"
"dbpedia_id_7377","movie_id_9522","0.7"
"dbpedia_id_5400","movie_id_7287","0.7"
"dbpedia_id_9574","movie_id_2867","0.7"
"dbpedia_id_7432","movie_id_933","0.7"
"dbpedia_id_2436","movie_id_5561","0.7"
"dbpedia_id_9798","movie_id_5412","0.7"
"dbpedia_id_9932","movie_id_4257","0.7"
"dbpedia_id_4863","movie_id_7554","0.7"
"dbpedia_id_1016","movie_id_989","0.7"
"dbpedia_id_5547","movie_id_562","0.7"
"dbpedia_id_1077","movie_id_4732","0.7"
"dbpedia_id_4174","movie_id_7977","0.7"
"dbpedia_id_4021","movie_id_4875","0.7"
"dbpedia_id_9180","movie_id_1172","0.7"
"dbpedia_id_3343","movie_id_32","0.7"
"dbpedia_id_5617","movie_id_8354","0.7"
"dbpedia_id_1573","movie_id_1704","0.7"
"dbpedia_id_9586","movie_id_351","0.7"
"dbpedia_id_2604","movie_id_214","0.7"
"dbpedia_id_7549","movie_id_7672","0.7"
"dbpedia_id_3423","movie_id_8133","0.7"
"dbpedia_id_5262","movie_id_8688","0.7"
"dbpedia_id_2170","movie_id_6966","0.7"
"dbpedia_id_1312","movie_id_4426","0.7"
"dbpedia_id_2519","movie_id_6780","0.7"
"dbpedia_id_5235","movie_id_3975","0.7"
"dbpedia_id_9811","movie_id_264","0.7"
"dbpedia_id_9529","movie_id_5791","0.7"
"dbpedia_id_4034","movie_id_6188","0.7"
"dbpedia_id_5195","movie_id_2956","0.7"
"dbpedia_id_9967","movie_id_7061","0.7"
"dbpedia_id_2082","movie_id_5577","0.7"
"dbpedia_id_3214","movie_id_5749","0.7"
"dbpedia_id_3286","movie_id_631","0.7"
"dbpedia_id_5392","movie_id_6477","0.7"
"dbpedia_id_6306","movie_id_7007","0.7"
"dbpedia_id_7173","movie_id_5969","0.7"
"dbpedia_id_9180","movie_id_3007","0.7"
"dbpedia_id_7262","movie_id_2297","0.7"
"dbpedia_id_9838","movie_id_5546","0.7"
"dbpedia_id_5372","movie_id_2167","0.7"
"dbpedia_id_5417","movie_id_1074","0.7"
"dbpedia_id_1514","movie_id_223","0.7"
"dbpedia_id_3474","movie_id_7851","0.7"
"dbpedia_id_5432","movie_id_59","0.7"
"dbpedia_id_982","movie_id_3945","0.7"
"dbpedia_id_9214","movie_id_5422","0.7"
"dbpedia_id_9614","movie_id_96","0.7"
"dbpedia_id_2435","movie_id_1971","0.7"
"dbpedia_id_2561","movie_id_479","0.7"
"dbpedia_id_4153","movie_id_912","0.7"
"dbpedia_id_10009","movie_id_8976","0.7"
"dbpedia_id_9309","movie_id_4917","0.7"
"dbpedia_id_2506","movie_id_4203","0.7"
"dbpedia_id_9207","movie_id_5802","0.7"
"dbpedia_id_9489","movie_id_6560","0.7"
"dbpedia_id_135","movie_id_4775","0.7"
"dbpedia_id_1072","movie_id_2204","0.7"
"dbpedia_id_5940","movie_id_3955","0.7"
"dbpedia_id_6827","movie_id_621","0.7"
"dbpedia_id_9305","movie_id_2806","0.7"
"dbpedia_id_1100","movie_id_5766","0.7"
"dbpedia_id_5631","movie_id_1146","0.7"
"dbpedia_id_187","movie_id_8599","0.7"
"dbpedia_id_2836","movie_id_7584","0.7"
"dbpedia_id_8579","movie_id_7005","0.7"
"dbpedia_id_2540","movie_id_5454","0.7"
"dbpedia_id_7192","movie_id_3293","0.7"
"dbpedia_id_4144","movie_id_7003","0.7"
"dbpedia_id_1103","movie_id_4395","0.7"
"dbpedia_id_7021","movie_id_1518","0.7"
"dbpedia_id_7462","movie_id_6495","0.7"
"dbpedia_id_9805","movie_id_3387","0.7"
"dbpedia_id_2588","movie_id_4935","0.7"
"dbpedia_id_6777","movie_id_218","0.7"
"dbpedia_id_6917","movie_id_5892","0.7"
"dbpedia_id_6275","movie_id_9561","0.7"
"dbpedia_id_1107","movie_id_249","0.7"
"dbpedia_id_429","movie_id_1517","0.7"
"dbpedia_id_1578","movie_id_524","0.7"
"dbpedia_id_9578","movie_id_1502","0.7"
"dbpedia_id_2496","movie_id_1079","0.7"
"dbpedia_id_3660","movie_id_9125","0.7"
"dbpedia_id_9213","movie_id_5115","0.7"
"dbpedia_id_5619","movie_id_5539","0.7"
"dbpedia_id_4253","movie_id_8788","0.7"
"dbpedia_id_3298","movie_id_4451","0.7"
"dbpedia_id_10046","movie_id_3947","0.7"
"dbpedia_id_5130","movie_id_1915","0.7"
"dbpedia_id_6671","movie_id_3989","0.7"
"dbpedia_id_4602","movie_id_3864","0.7"
"dbpedia_id_9156","movie_id_984","0.7"
"dbpedia_id_5995","movie_id_8982","1.0"
"dbpedia_id_5203","movie_id_7462","0.7"
"dbpedia_id_4006","movie_id_2442","0.7"
"dbpedia_id_2596","movie_id_9671","0.7"
"dbpedia_id_3131","movie_id_5946","0.7"
"dbpedia_id_5273","movie_id_2170","0.7"
"dbpedia_id_10086","movie_id_2471","0.7"
"dbpedia_id_4221","movie_id_2976","0.7"
"dbpedia_id_8303","movie_id_7253","0.7"
"dbpedia_id_7485","movie_id_1645","0.7"
"dbpedia_id_6955","movie_id_9791","0.7"
"dbpedia_id_2597","movie_id_8846","0.7"
"dbpedia_id_4162","movie_id_7140","0.7"
"dbpedia_id_9810","movie_id_2490","0.7"
"dbpedia_id_618","movie_id_9553","0.7"
"dbpedia_id_5171","movie_id_7103","0.7"
"dbpedia_id_5120","movie_id_1270","0.7"
"dbpedia_id_3990","movie_id_2509","0.7"
"dbpedia_id_4230","movie_id_8425","0.7"
"dbpedia_id_7917","movie_id_3183","0.7"
"dbpedia_id_4171","movie_id_7977","0.7"
"dbpedia_id_7376","movie_id_3145","0.7"
"dbpedia_id_4123","movie_id_1685","0.7"
"dbpedia_id_1610","movie_id_1835","0.7"
"dbpedia_id_2460","movie_id_2473","0.7"
"dbpedia_id_2814","movie_id_3159","0.7"
"dbpedia_id_4338","movie_id_7311","0.7"
"dbpedia_id_2539","movie_id_2548","0.7"
"dbpedia_id_1536","movie_id_1297","0.7"
"dbpedia_id_2674","movie_id_1560","0.7"
"dbpedia_id_2465","movie_id_560","0.7"
"dbpedia_id_9837","movie_id_8471","0.7"
"dbpedia_id_3153","movie_id_3093","0.7"
"dbpedia_id_6857","movie_id_7200","0.7"
"dbpedia_id_3208","movie_id_6410","0.7"
"dbpedia_id_6950","movie_id_763","0.7"
"dbpedia_id_9814","movie_id_2622","0.7"
"dbpedia_id_9090","movie_id_2768","0.7"
"dbpedia_id_1972","movie_id_5909","0.7"
"dbpedia_id_4571","movie_id_9765","0.7"
"dbpedia_id_6112","movie_id_9452","0.7"
"dbpedia_id_4084","movie_id_8347","0.7"
"dbpedia_id_4852","movie_id_2489","0.7"
"dbpedia_id_3469","movie_id_9649","0.7"
"dbpedia_id_1146","movie_id_2109","0.7"
"dbpedia_id_7229","movie_id_3496","0.7"
"dbpedia_id_5428","movie_id_1201","0.7"
"dbpedia_id_2180","movie_id_8426","1.0"
"dbpedia_id_9519","movie_id_2742","0.7"
"dbpedia_id_5356","movie_id_793","0.7"
"dbpedia_id_7039","movie_id_8140","0.7"
"dbpedia_id_5107","movie_id_1089","0.7"
"dbpedia_id_5267","movie_id_2834","0.7"
"dbpedia_id_2858","movie_id_6792","0.7"
"dbpedia_id_1152","movie_id_286","0.7"
"dbpedia_id_3130","movie_id_6803","0.7"
"dbpedia_id_3107","movie_id_5810","0.7"
"dbpedia_id_3683","movie_id_6651","0.7"
"dbpedia_id_5346","movie_id_1663","0.7"
"dbpedia_id_1444","movie_id_6374","0.7"
"dbpedia_id_138","movie_id_6897","0.7"
"dbpedia_id_5493","movie_id_5229","0.7"
"dbpedia_id_5642","movie_id_3441","0.7"
"dbpedia_id_5210","movie_id_592","0.7"
"dbpedia_id_6878","movie_id_2609","0.7"
"dbpedia_id_2401","movie_id_9028","0.7"
"dbpedia_id_7481","movie_id_2406","0.7"
"dbpedia_id_7968","movie_id_6458","0.7"
"dbpedia_id_3638","movie_id_2874","0.7"
"dbpedia_id_1527","movie_id_509","0.7"
"dbpedia_id_1357","movie_id_7403","0.7"
"dbpedia_id_4155","movie_id_945","0.7"
"dbpedia_id_2572","movie_id_5711","0.7"
"dbpedia_id_3161","movie_id_5649","1.0"
"dbpedia_id_1164","movie_id_9492","0.7"
"dbpedia_id_9745","movie_id_1723","0.7"
"dbpedia_id_4626","movie_id_6583","0.7"
"dbpedia_id_1087","movie_id_6969","0.7"
"dbpedia_id_3202","movie_id_4687","0.7"
"dbpedia_id_7079","movie_id_6268","0.7"
"dbpedia_id_9077","movie_id_6712","0.7"
"dbpedia_id_3315","movie_id_3854","0.7"
"dbpedia_id_9140","movie_id_109","0.7"
"dbpedia_id_2701","movie_id_6873","0.7"
"dbpedia_id_2437","movie_id_7827","0.7"
"dbpedia_id_2589","movie_id_4935","0.7"
"dbpedia_id_9191","movie_id_1884","0.7"
"dbpedia_id_2143","movie_id_3376","0.7"
"dbpedia_id_5487","movie_id_5440","0.7"
"dbpedia_id_2655","movie_id_7285","0.7"
"dbpedia_id_7097","movie_id_4580","0.7"
"dbpedia_id_147","movie_id_8951","0.7"
"dbpedia_id_5145","movie_id_7726","0.7"
"dbpedia_id_3915","movie_id_5949","0.7"
"dbpedia_id_3911","movie_id_3914","0.7"
"dbpedia_id_5918","movie_id_7017","0.7"
"dbpedia_id_5223","movie_id_6041","0.7"
"dbpedia_id_3325","movie_id_5896","0.7"
"dbpedia_id_4208","movie_id_6094","0.7"
"dbpedia_id_5113","movie_id_2024","0.7"
"dbpedia_id_6391","movie_id_4202","0.7"
"dbpedia_id_7336","movie_id_343","0.7"
"dbpedia_id_9757","movie_id_5993","0.7"
"dbpedia_id_5804","movie_id_9623","1.0"
"dbpedia_id_1964","movie_id_8805","0.7"
"dbpedia_id_5786","movie_id_3319","0.7"
"dbpedia_id_1176","movie_id_6435","0.7"
"dbpedia_id_9887","movie_id_6442","0.7"
"dbpedia_id_7228","movie_id_6400","0.7"
"dbpedia_id_6932","movie_id_8854","0.7"
"dbpedia_id_9886","movie_id_4716","0.7"
"dbpedia_id_9377","movie_id_4817","0.7"
"dbpedia_id_8926","movie_id_7175","0.7"
"dbpedia_id_148","movie_id_9480","0.7"
"dbpedia_id_6213","movie_id_8853","0.7"
"dbpedia_id_5475","movie_id_4420","0.7"
"dbpedia_id_2644","movie_id_5296","0.7"
"dbpedia_id_2106","movie_id_3052","0.7"
"dbpedia_id_9563","movie_id_8438","0.7"
"dbpedia_id_1446","movie_id_6900","0.7"
"dbpedia_id_1529","movie_id_990","0.7"
"dbpedia_id_6650","movie_id_9094","0.7"
"dbpedia_id_6079","movie_id_1713","0.7"
"dbpedia_id_9332","movie_id_2341","0.7"
"dbpedia_id_9583","movie_id_1380","0.7"
"dbpedia_id_446","movie_id_3166","0.7"
"dbpedia_id_6850","movie_id_2743","0.7"
"dbpedia_id_4607","movie_id_6134","1.0"
"dbpedia_id_6875","movie_id_40","0.7"
"dbpedia_id_6946","movie_id_736","0.7"
"dbpedia_id_3949","movie_id_9534","0.7"
"dbpedia_id_2484","movie_id_4638","0.7"
"dbpedia_id_3306","movie_id_538","0.7"
"dbpedia_id_1145","movie_id_4808","0.7"
"dbpedia_id_5318","movie_id_1820","0.7"
"dbpedia_id_4104","movie_id_766","0.7"
"dbpedia_id_10035","movie_id_8508","0.7"
"dbpedia_id_2040","movie_id_6216","0.7"
"dbpedia_id_5126","movie_id_3136","0.7"
"dbpedia_id_9718","movie_id_1469","0.7"
"dbpedia_id_4629","movie_id_7507","0.7"
"dbpedia_id_5554","movie_id_2505","0.7"
"dbpedia_id_3230","movie_id_1748","0.7"
"dbpedia_id_835","movie_id_4694","0.7"
"dbpedia_id_950","movie_id_4760","0.7"
"dbpedia_id_10019","movie_id_3499","0.7"
"dbpedia_id_3190","movie_id_2510","0.7"
"dbpedia_id_3177","movie_id_5276","0.7"
"dbpedia_id_5104","movie_id_1492","0.7"
"dbpedia_id_4120","movie_id_2392","0.7"
"dbpedia_id_6944","movie_id_7424","0.8833333333333333"
"dbpedia_id_7390","movie_id_7874","0.7"
"dbpedia_id_2503","movie_id_4903","0.7"
"dbpedia_id_9591","movie_id_6120","0.7"
"dbpedia_id_3872","movie_id_7890","0.7"
"dbpedia_id_4649","movie_id_9219","0.7"
"dbpedia_id_1088","movie_id_2222","0.7"
"dbpedia_id_9668","movie_id_3210","0.7"
"dbpedia_id_1521","movie_id_1260","0.7"
"dbpedia_id_9296","movie_id_4383","0.7"
"dbpedia_id_6893","movie_id_9499","0.7"
"dbpedia_id_1638","movie_id_4473","0.7"
"dbpedia_id_5260","movie_id_970","0.7"
"dbpedia_id_1947","movie_id_449","0.7"
"dbpedia_id_9504","movie_id_4541","0.7"
"dbpedia_id_9295","movie_id_2754","0.7"
"dbpedia_id_6255","movie_id_2301","0.7"
"dbpedia_id_9158","movie_id_5497","0.7"
"dbpedia_id_8467","movie_id_1726","0.7"
"dbpedia_id_6811","movie_id_701","0.7"
"dbpedia_id_7446","movie_id_2226","0.7"
"dbpedia_id_2580","movie_id_1131","0.7"
"dbpedia_id_2595","movie_id_5518","0.7"
"dbpedia_id_2586","movie_id_434","0.7"
"dbpedia_id_1557","movie_id_7879","0.7"
"dbpedia_id_7303","movie_id_4468","0.7"
"dbpedia_id_9815","movie_id_3832","0.7"
"dbpedia_id_182","movie_id_5804","0.7"
"dbpedia_id_2585","movie_id_5136","0.7"
"dbpedia_id_1727","movie_id_7368","0.7"
"dbpedia_id_9146","movie_id_1871","0.7"
"dbpedia_id_4028","movie_id_1050","0.7"
"dbpedia_id_6218","movie_id_7322","0.7"
"dbpedia_id_4855","movie_id_9428","0.7"
"dbpedia_id_7416","movie_id_8977","0.7"
"dbpedia_id_9311","movie_id_6375","0.7"
"dbpedia_id_3959","movie_id_2433","0.7"
"dbpedia_id_6266","movie_id_3641","0.7"
"dbpedia_id_9360","movie_id_2342","0.7"
"dbpedia_id_1621","movie_id_458","0.7"
"dbpedia_id_5352","movie_id_8394","0.7"
"dbpedia_id_5383","movie_id_5512","0.7"
"dbpedia_id_2497","movie_id_3273","0.7"
"dbpedia_id_1955","movie_id_1383","0.7"
"dbpedia_id_9739","movie_id_1379","0.7"
"dbpedia_id_1151","movie_id_4833","0.7"
"dbpedia_id_5434","movie_id_3306","0.7"
"dbpedia_id_2471","movie_id_7383","0.7"
"dbpedia_id_5496","movie_id_8420","0.7"
"dbpedia_id_5532","movie_id_4800","0.7"
"dbpedia_id_970","movie_id_6510","1.0"
"dbpedia_id_9271","movie_id_5536","0.7"
"dbpedia_id_9367","movie_id_1075","0.7"
"dbpedia_id_8473","movie_id_8251","0.7"
"dbpedia_id_7424","movie_id_795","0.7"
"dbpedia_id_3967","movie_id_1671","0.7"
"dbpedia_id_2878","movie_id_3354","0.7"
"dbpedia_id_3404","movie_id_8615","0.7"
"dbpedia_id_9261","movie_id_2544","0.7"
"dbpedia_id_5200","movie_id_8620","0.7"
"dbpedia_id_3391","movie_id_9680","0.7"
"dbpedia_id_4133","movie_id_782","0.7"
"dbpedia_id_2500","movie_id_1545","0.7"
"dbpedia_id_3266","movie_id_174","0.7"
"dbpedia_id_9278","movie_id_6704","0.7"
"dbpedia_id_3259","movie_id_6048","0.7"
"dbpedia_id_6085","movie_id_9139","1.0"
"dbpedia_id_9138","movie_id_2356","0.7"
"dbpedia_id_9871","movie_id_4538","0.7"
"dbpedia_id_3927","movie_id_6109","0.7"
"dbpedia_id_5448","movie_id_482","0.7"
"dbpedia_id_7028","movie_id_13","0.7"
"dbpedia_id_2044","movie_id_1893","0.7"
"dbpedia_id_1757","movie_id_9240","0.7"
"dbpedia_id_2581","movie_id_4528","0.7"
"dbpedia_id_1929","movie_id_2430","0.7"
"dbpedia_id_5354","movie_id_7249","0.7"
"dbpedia_id_2533","movie_id_2537","0.7"
"dbpedia_id_2047","movie_id_4480","0.7"
"dbpedia_id_2002","movie_id_1509","0.7"
"dbpedia_id_1219","movie_id_1989","0.7"
"dbpedia_id_2663","movie_id_835","0.7"
"dbpedia_id_7183","movie_id_1432","0.7"
"dbpedia_id_1845","movie_id_4369","0.7"
"dbpedia_id_4214","movie_id_4727","0.7"
"dbpedia_id_2053","movie_id_2955","0.7"
"dbpedia_id_3979","movie_id_789","0.7"
"dbpedia_id_1305","movie_id_4246","0.7"
"dbpedia_id_5429","movie_id_2598","0.7"
"dbpedia_id_3971","movie_id_5072","0.7"
"dbpedia_id_9144","movie_id_2985","0.7"
"dbpedia_id_6951","movie_id_2339","0.7"
"dbpedia_id_2067","movie_id_555","0.7"
"dbpedia_id_5570","movie_id_4064","0.7"
"dbpedia_id_5545","movie_id_1092","0.7"
"dbpedia_id_6698","movie_id_8201","0.7"
"dbpedia_id_2016","movie_id_4069","0.7"
"dbpedia_id_3985","movie_id_3069","0.7"
"dbpedia_id_7057","movie_id_7857","0.7"
"dbpedia_id_5569","movie_id_2431","0.7"
"dbpedia_id_1115","movie_id_533","0.7"
"dbpedia_id_1492","movie_id_4601","0.7"
"dbpedia_id_1163","movie_id_9037","0.7"
"dbpedia_id_6992","movie_id_708","0.7"
"dbpedia_id_1568","movie_id_2296","0.7"
"dbpedia_id_3964","movie_id_8094","0.7"
"dbpedia_id_7110","movie_id_9384","0.7"
"dbpedia_id_9462","movie_id_4510","0.7"
"dbpedia_id_2064","movie_id_4486","0.7"
"dbpedia_id_2913","movie_id_2273","0.7"
"dbpedia_id_9350","movie_id_4660","0.7"
"dbpedia_id_4974","movie_id_8041","0.7"
"dbpedia_id_1943","movie_id_2067","0.7"
"dbpedia_id_1907","movie_id_6333","0.7"
"dbpedia_id_5390","movie_id_6418","0.7"
"dbpedia_id_9721","movie_id_1753","0.7"
"dbpedia_id_3158","movie_id_2189","0.7"
"dbpedia_id_476","movie_id_8965","0.7"
"dbpedia_id_1129","movie_id_8683","0.7"
"dbpedia_id_4914","movie_id_8724","0.72"
"dbpedia_id_5056","movie_id_3404","0.7"
"dbpedia_id_9139","movie_id_9565","0.7"
"dbpedia_id_2381","movie_id_7777","0.7"
"dbpedia_id_9177","movie_id_5338","0.7"
"dbpedia_id_586","movie_id_8669","0.7"
"dbpedia_id_1966","movie_id_1443","0.7"
"dbpedia_id_2608","movie_id_681","0.7"
"dbpedia_id_7724","movie_id_7019","0.7"
"dbpedia_id_5162","movie_id_5752","0.7"
"dbpedia_id_2641","movie_id_9426","0.7"
"dbpedia_id_6558","movie_id_2824","0.7"
"dbpedia_id_5406","movie_id_663","0.7"
"dbpedia_id_5384","movie_id_2176","0.7"
"dbpedia_id_3243","movie_id_2266","0.7"
"dbpedia_id_5424","movie_id_4915","0.7"
"dbpedia_id_1993","movie_id_6392","0.7"
"dbpedia_id_1285","movie_id_9041","0.7"
"dbpedia_id_6840","movie_id_2697","0.7"
"dbpedia_id_3697","movie_id_1096","0.7"
"dbpedia_id_3569","movie_id_6561","0.7"
"dbpedia_id_7165","movie_id_9613","0.7"
"dbpedia_id_802","movie_id_8827","0.7"
"dbpedia_id_9556","movie_id_1076","0.7"
"dbpedia_id_609","movie_id_3600","0.7"
"dbpedia_id_7010","movie_id_5362","0.7"
"dbpedia_id_7004","movie_id_8339","0.7"
"dbpedia_id_2055","movie_id_4432","0.7"
"dbpedia_id_183","movie_id_5804","0.7"
"dbpedia_id_7927","movie_id_3368","0.7"
"dbpedia_id_1080","movie_id_4307","0.7"
"dbpedia_id_7699","movie_id_5676","0.7"
"dbpedia_id_8323","movie_id_3736","0.7"
"dbpedia_id_1863","movie_id_6390","0.7"
"dbpedia_id_8989","movie_id_7047","0.7"
"dbpedia_id_893","movie_id_6093","0.7"
"dbpedia_id_1572","movie_id_2825","0.7"
"dbpedia_id_1234","movie_id_7278","0.7"
"dbpedia_id_4652","movie_id_7528","0.7"
"dbpedia_id_9876","movie_id_1578","0.7"
"dbpedia_id_8322","movie_id_9724","0.7"
"dbpedia_id_7686","movie_id_7654","0.7"
"dbpedia_id_1491","movie_id_211","0.7"
"dbpedia_id_1224","movie_id_4185","0.7"
"dbpedia_id_5120","movie_id_3356","0.7"
"dbpedia_id_4293","movie_id_7379","0.7"
"dbpedia_id_4955","movie_id_7212","0.7"
"dbpedia_id_3640","movie_id_7273","0.7"
"dbpedia_id_3338","movie_id_1069","0.7"
"dbpedia_id_7423","movie_id_795","0.7"
"dbpedia_id_5551","movie_id_1362","0.7"
"dbpedia_id_10011","movie_id_9672","0.7"
"dbpedia_id_9901","movie_id_6208","0.7"
"dbpedia_id_1618","movie_id_5371","0.7"
"dbpedia_id_7087","movie_id_3703","0.7"
"dbpedia_id_5094","movie_id_8103","0.7"
"dbpedia_id_7317","movie_id_1895","0.7"
"dbpedia_id_2773","movie_id_6605","0.7"
"dbpedia_id_7123","movie_id_5084","0.7"
"dbpedia_id_2530","movie_id_8893","0.7"
"dbpedia_id_9508","movie_id_5619","1.0"
"dbpedia_id_1962","movie_id_6100","0.7"
"dbpedia_id_1616","movie_id_5905","0.7"
"dbpedia_id_3268","movie_id_481","0.7"
"dbpedia_id_1122","movie_id_1167","0.7"
"dbpedia_id_9354","movie_id_5557","0.7"
"dbpedia_id_1147","movie_id_3968","0.7"
"dbpedia_id_9389","movie_id_6150","0.7"
"dbpedia_id_7431","movie_id_5702","0.7"
"dbpedia_id_9340","movie_id_3266","0.7"
"dbpedia_id_2427","movie_id_6573","0.7"
"dbpedia_id_2547","movie_id_278","0.7"
"dbpedia_id_2660","movie_id_967","0.7"
"dbpedia_id_9103","movie_id_10","0.7"
"dbpedia_id_5820","movie_id_8309","0.7"
"dbpedia_id_5296","movie_id_2508","0.7"
"dbpedia_id_9495","movie_id_4907","0.7"
"dbpedia_id_3968","movie_id_8377","0.7"
"dbpedia_id_9093","movie_id_1228","0.7"
"dbpedia_id_2066","movie_id_555","0.7"
"dbpedia_id_2546","movie_id_627","0.7"
"dbpedia_id_2576","movie_id_1609","0.7"
"dbpedia_id_9908","movie_id_9372","0.7"
"dbpedia_id_7081","movie_id_526","0.7"
"dbpedia_id_2292","movie_id_8605","0.7"
"dbpedia_id_1793","movie_id_7507","0.7"
"dbpedia_id_3427","movie_id_1017","0.7"
"dbpedia_id_4060","movie_id_6821","0.7"
"dbpedia_id_2319","movie_id_8072","0.8599999999999999"
"dbpedia_id_5133","movie_id_7617","0.7"
"dbpedia_id_6168","movie_id_8709","0.7"
"dbpedia_id_4241","movie_id_8143","0.7"
"dbpedia_id_2307","movie_id_8530","0.7"
"dbpedia_id_9335","movie_id_606","0.7"
"dbpedia_id_4042","movie_id_1370","0.7"
"dbpedia_id_3077","movie_id_4355","0.7"
"dbpedia_id_3809","movie_id_4960","0.7"
"dbpedia_id_6117","movie_id_7581","0.7"
"dbpedia_id_1558","movie_id_6829","0.7"
"dbpedia_id_6885","movie_id_6195","0.7"
"dbpedia_id_5226","movie_id_3366","0.7"
"dbpedia_id_5476","movie_id_5461","0.7"
"dbpedia_id_4160","movie_id_3023","0.7"
"dbpedia_id_6115","movie_id_619","0.7"
"dbpedia_id_3281","movie_id_1926","0.7"
"dbpedia_id_2485","movie_id_1854","0.7"
"dbpedia_id_7190","movie_id_1650","0.7"
"dbpedia_id_4391","movie_id_826","0.7"
"dbpedia_id_3308","movie_id_5629","0.7"
"dbpedia_id_4031","movie_id_582","0.7"
"dbpedia_id_3263","movie_id_4166","0.7"
"dbpedia_id_1608","movie_id_5886","0.7"
"dbpedia_id_1459","movie_id_8945","0.7"
"dbpedia_id_1761","movie_id_9160","0.7"
"dbpedia_id_5212","movie_id_7897","0.7"
"dbpedia_id_2899","movie_id_1535","0.7"
"dbpedia_id_7359","movie_id_513","0.7"
"dbpedia_id_3304","movie_id_3352","0.7"
"dbpedia_id_9694","movie_id_1778","0.7"
"dbpedia_id_9100","movie_id_9802","0.7"
"dbpedia_id_8887","movie_id_5877","1.0"
"dbpedia_id_9687","movie_id_4756","0.7"
"dbpedia_id_7090","movie_id_1512","0.7"
"dbpedia_id_5484","movie_id_4060","0.7"
"dbpedia_id_8719","movie_id_9102","0.7"
"dbpedia_id_5472","movie_id_5824","0.7"
"dbpedia_id_4409","movie_id_8684","0.7"
"dbpedia_id_2199","movie_id_5399","0.7"
"dbpedia_id_4125","movie_id_4876","0.7"
"dbpedia_id_2004","movie_id_7386","0.7"
"dbpedia_id_4562","movie_id_8776","0.7"
"dbpedia_id_7372","movie_id_1225","0.7"
"dbpedia_id_4037","movie_id_5605","0.7"
"dbpedia_id_943","movie_id_9568","0.7"
"dbpedia_id_9167","movie_id_1482","0.7"
"dbpedia_id_5385","movie_id_5512","1.0"
"dbpedia_id_2512","movie_id_4850","0.7"
"dbpedia_id_1350","movie_id_3641","0.7"
"dbpedia_id_7158","movie_id_7198","0.7"
"dbpedia_id_2989","movie_id_5700","0.7"
"dbpedia_id_1511","movie_id_4775","0.7"
"dbpedia_id_2523","movie_id_2360","0.7"
"dbpedia_id_5704","movie_id_2816","0.7"
"dbpedia_id_2457","movie_id_271","0.7"
"dbpedia_id_5161","movie_id_4140","0.7"
"dbpedia_id_9400","movie_id_7630","0.7"
"dbpedia_id_6783","movie_id_6057","0.7"
"dbpedia_id_4010","movie_id_9744","0.7"
"dbpedia_id_6858","movie_id_3127","0.7"
"dbpedia_id_2473","movie_id_6853","0.7"
"dbpedia_id_9031","movie_id_334","0.7"
"dbpedia_id_5584","movie_id_2396","0.7"
"dbpedia_id_4461","movie_id_6845","0.7"
"dbpedia_id_8754","movie_id_4434","0.7"
"dbpedia_id_2476","movie_id_4475","0.7"
"dbpedia_id_5504","movie_id_363","0.7"
"dbpedia_id_5366","movie_id_3723","0.7"
"dbpedia_id_10099","movie_id_2932","0.7"
"dbpedia_id_3299","movie_id_2470","0.7"
"dbpedia_id_9471","movie_id_5819","0.7"
"dbpedia_id_5293","movie_id_1722","0.7"
"dbpedia_id_5441","movie_id_3678","0.7"
"dbpedia_id_9715","movie_id_9803","0.7"
"dbpedia_id_2022","movie_id_5835","0.7"
"dbpedia_id_7075","movie_id_1344","0.7"
"dbpedia_id_5597","movie_id_7288","0.7"
"dbpedia_id_3955","movie_id_2071","0.7"
"dbpedia_id_5451","movie_id_6570","0.7"
"dbpedia_id_9975","movie_id_1373","0.7"
"dbpedia_id_7027","movie_id_6555","0.7"
"dbpedia_id_4202","movie_id_7629","0.7"
"dbpedia_id_2171","movie_id_6772","0.7"
"dbpedia_id_5430","movie_id_8378","0.7"
"dbpedia_id_5335","movie_id_5721","0.7"
"dbpedia_id_1251","movie_id_2278","0.7"
"dbpedia_id_9725","movie_id_5317","0.7"
"dbpedia_id_3528","movie_id_7492","1.0"
"dbpedia_id_2068","movie_id_2332","0.7"
"dbpedia_id_7291","movie_id_4624","0.7"
"dbpedia_id_1963","movie_id_3446","0.7"
"dbpedia_id_956","movie_id_4719","0.7"
"dbpedia_id_5408","movie_id_355","0.7"
"dbpedia_id_2395","movie_id_9212","0.7"
"dbpedia_id_5521","movie_id_993","0.7"
"dbpedia_id_4161","movie_id_6346","0.7"
"dbpedia_id_3659","movie_id_9125","0.7"
"dbpedia_id_9702","movie_id_7046","0.7"
"dbpedia_id_8685","movie_id_5199","0.7"
"dbpedia_id_2502","movie_id_4903","0.7"
"dbpedia_id_1997","movie_id_6628","0.7"
"dbpedia_id_6755","movie_id_7237","0.7"
"dbpedia_id_5183","movie_id_4405","0.7"
"dbpedia_id_108","movie_id_873","0.7"
"dbpedia_id_5129","movie_id_5940","0.7"
"dbpedia_id_2459","movie_id_8332","0.7"
"dbpedia_id_5627","movie_id_2759","0.7"
"dbpedia_id_6673","movie_id_3890","0.7"
"dbpedia_id_1372","movie_id_8464","0.7"
"dbpedia_id_9368","movie_id_399","0.7"
"dbpedia_id_5247","movie_id_3749","0.7"
"dbpedia_id_1738","movie_id_8088","0.7"
"dbpedia_id_9402","movie_id_9832","0.7"
"dbpedia_id_1975","movie_id_7615","0.7"
"dbpedia_id_9977","movie_id_2254","0.7"
"dbpedia_id_1168","movie_id_2484","0.7"
"dbpedia_id_1181","movie_id_1603","0.7"
"dbpedia_id_4329","movie_id_7097","0.7"
"dbpedia_id_4196","movie_id_1496","0.7"
"dbpedia_id_2584","movie_id_9420","0.7"
"dbpedia_id_5829","movie_id_8686","0.7"
"dbpedia_id_6936","movie_id_3333","0.7"
"dbpedia_id_9265","movie_id_2013","0.7"
"dbpedia_id_2076","movie_id_730","0.7"
"dbpedia_id_4970","movie_id_6077","0.7"
"dbpedia_id_924","movie_id_6692","0.7"
"dbpedia_id_5180","movie_id_3677","0.7"
"dbpedia_id_3367","movie_id_1170","0.7"
"dbpedia_id_6050","movie_id_8828","0.7"
"dbpedia_id_1510","movie_id_4775","0.7"
"dbpedia_id_6402","movie_id_4918","0.7"
"dbpedia_id_9934","movie_id_570","0.7"
"dbpedia_id_4076","movie_id_3261","0.7"
"dbpedia_id_6789","movie_id_6988","0.7"
"dbpedia_id_7244","movie_id_1127","0.7"
"dbpedia_id_1956","movie_id_5669","0.7"
"dbpedia_id_7268","movie_id_7681","0.7"
"dbpedia_id_1595","movie_id_2094","0.7"
"dbpedia_id_1862","movie_id_4254","0.7"
"dbpedia_id_2528","movie_id_2584","0.7"
"dbpedia_id_1442","movie_id_6368","0.7"
"dbpedia_id_2522","movie_id_2118","0.7"
"dbpedia_id_1140","movie_id_9680","0.7"
"dbpedia_id_6162","movie_id_9680","0.7"
"dbpedia_id_1467","movie_id_8259","0.7"
"dbpedia_id_9555","movie_id_5151","0.7"
"dbpedia_id_9452","movie_id_3668","0.7"
"dbpedia_id_7157","movie_id_8999","0.72"
"dbpedia_id_1961","movie_id_358","0.7"
"dbpedia_id_3132","movie_id_7613","0.7"
"dbpedia_id_4730","movie_id_5122","0.7"
"dbpedia_id_9317","movie_id_7466","0.7"
"dbpedia_id_5433","movie_id_1053","0.7"
"dbpedia_id_2626","movie_id_1786","0.7"
"dbpedia_id_9157","movie_id_4569","0.7"
"dbpedia_id_9832","movie_id_6870","0.7"
"dbpedia_id_9767","movie_id_2767","0.7"
"dbpedia_id_9525","movie_id_2875","0.7"
"dbpedia_id_4132","movie_id_41","0.7"
"dbpedia_id_5541","movie_id_3616","0.7"
"dbpedia_id_6900","movie_id_5574","0.7"
"dbpedia_id_2748","movie_id_9694","0.7"
"dbpedia_id_192","movie_id_5349","0.7"
"dbpedia_id_4983","movie_id_5643","0.7"
"dbpedia_id_1116","movie_id_2883","0.7"
"dbpedia_id_7061","movie_id_1953","0.7"
"dbpedia_id_9953","movie_id_491","0.7"
"dbpedia_id_5198","movie_id_119","0.7"
"dbpedia_id_5442","movie_id_6638","0.7"
"dbpedia_id_3991","movie_id_5865","0.7"
"dbpedia_id_1703","movie_id_9084","0.7"
"dbpedia_id_168","movie_id_6154","0.8"
"dbpedia_id_1977","movie_id_6307","0.7"
"dbpedia_id_3527","movie_id_7492","1.0"
"dbpedia_id_9373","movie_id_977","0.7"
"dbpedia_id_6297","movie_id_1135","0.7"
"dbpedia_id_2405","movie_id_1105","0.72"
"dbpedia_id_1274","movie_id_1858","0.7"
"dbpedia_id_9344","movie_id_2691","0.7"
"dbpedia_id_5613","movie_id_4883","0.7"
"dbpedia_id_7055","movie_id_3998","0.7"
"dbpedia_id_6975","movie_id_1964","0.7"
"dbpedia_id_6172","movie_id_9748","0.7"
"dbpedia_id_8426","movie_id_771","0.7"
"dbpedia_id_7280","movie_id_5052","0.7"
"dbpedia_id_2627","movie_id_3840","0.7"
"dbpedia_id_4370","movie_id_9680","0.7"
"dbpedia_id_6100","movie_id_9287","0.7"
"dbpedia_id_9284","movie_id_2513","0.7"
"dbpedia_id_5614","movie_id_1892","0.7"
"dbpedia_id_6668","movie_id_649","0.7"
"dbpedia_id_7232","movie_id_5690","0.7"
"dbpedia_id_3989","movie_id_4418","0.7"
"dbpedia_id_5463","movie_id_3140","0.7"
"dbpedia_id_6956","movie_id_270","0.7"
"dbpedia_id_7334","movie_id_3071","0.7"
"dbpedia_id_2654","movie_id_641","0.7"
"dbpedia_id_7886","movie_id_7102","0.7"
"dbpedia_id_1464","movie_id_7235","0.7"
"dbpedia_id_3956","movie_id_3165","0.7"
"dbpedia_id_3948","movie_id_598","0.7"
"dbpedia_id_3117","movie_id_9687","0.7"
"dbpedia_id_7967","movie_id_8673","0.7"
"dbpedia_id_7436","movie_id_8495","0.7"
"dbpedia_id_2110","movie_id_3226","0.7"
"dbpedia_id_9796","movie_id_2363","0.7"
"dbpedia_id_6817","movie_id_1702","0.7"
"dbpedia_id_9836","movie_id_4835","0.7"
"dbpedia_id_4518","movie_id_6588","0.7"
"dbpedia_id_4513","movie_id_4648","0.7"
"dbpedia_id_5189","movie_id_2002","0.7"
"dbpedia_id_3884","movie_id_6950","0.7"
"dbpedia_id_2492","movie_id_2953","0.7"
"dbpedia_id_5607","movie_id_4948","0.7"
"dbpedia_id_5366","movie_id_5922","0.7"
"dbpedia_id_7179","movie_id_2122","0.7"
"dbpedia_id_4922","movie_id_7971","0.7"
"dbpedia_id_5344","movie_id_2428","0.7"
"dbpedia_id_9678","movie_id_1179","0.7"
"dbpedia_id_4930","movie_id_4126","0.7"
"dbpedia_id_7000","movie_id_6499","0.7"
"dbpedia_id_2026","movie_id_475","0.7"
"dbpedia_id_1173","movie_id_1690","0.7"
"dbpedia_id_1967","movie_id_1391","0.7"
"dbpedia_id_7104","movie_id_8179","0.7"
"dbpedia_id_2598","movie_id_2179","0.7"
"dbpedia_id_9791","movie_id_5315","0.7"
"dbpedia_id_5552","movie_id_7321","0.7"
"dbpedia_id_5350","movie_id_378","0.7"
"dbpedia_id_8517","movie_id_1263","0.7"
"dbpedia_id_3250","movie_id_575","0.7"
"dbpedia_id_4016","movie_id_1176","0.7"
"dbpedia_id_6126","movie_id_4853","0.7"
"dbpedia_id_3999","movie_id_8642","0.7"
"dbpedia_id_3197","movie_id_5224","0.7"
"dbpedia_id_347","movie_id_5398","0.7"
"dbpedia_id_2036","movie_id_2909","0.7"
"dbpedia_id_7155","movie_id_4813","0.7"
"dbpedia_id_6271","movie_id_8443","0.7"
"dbpedia_id_5793","movie_id_9021","0.7"
"dbpedia_id_7459","movie_id_5631","0.7"
"dbpedia_id_5313","movie_id_1522","0.7"
"dbpedia_id_8072","movie_id_4285","0.7"
"dbpedia_id_1248","movie_id_4414","0.7"
"dbpedia_id_1456","movie_id_1570","0.7"
"dbpedia_id_7434","movie_id_1533","0.7"
"dbpedia_id_9112","movie_id_7189","0.7"
"dbpedia_id_2656","movie_id_2010","0.7"
"dbpedia_id_5885","movie_id_7459","0.7"
"dbpedia_id_7103","movie_id_2365","0.7"
"dbpedia_id_2081","movie_id_4778","0.7"
"dbpedia_id_9239","movie_id_1027","0.7"
"dbpedia_id_3042","movie_id_6958","0.7"
"dbpedia_id_5106","movie_id_6473","0.7"
"dbpedia_id_4049","movie_id_4772","0.7"
"dbpedia_id_1120","movie_id_332","0.7"
"dbpedia_id_6834","movie_id_1830","0.7"
"dbpedia_id_9359","movie_id_5975","0.7"
"dbpedia_id_3336","movie_id_7255","0.7"
"dbpedia_id_5294","movie_id_1525","0.7"
"dbpedia_id_9612","movie_id_2258","0.7"
"dbpedia_id_1523","movie_id_1002","0.7"
"dbpedia_id_6971","movie_id_2481","0.7"
"dbpedia_id_9911","movie_id_9440","0.7"
"dbpedia_id_4630","movie_id_5485","0.7"
"dbpedia_id_3717","movie_id_7704","0.7"
"dbpedia_id_9301","movie_id_7177","0.7"
"dbpedia_id_7148","movie_id_8865","0.7"
"dbpedia_id_3188","movie_id_8315","0.7"
"dbpedia_id_1509","movie_id_4742","0.7"
"dbpedia_id_1185","movie_id_8316","0.7"
"dbpedia_id_3142","movie_id_7438","0.7"
"dbpedia_id_5174","movie_id_5191","0.7"
"dbpedia_id_1986","movie_id_7414","0.7"
"dbpedia_id_5593","movie_id_1669","0.7"
"dbpedia_id_1857","movie_id_7840","0.7"
"dbpedia_id_9744","movie_id_259","0.7"
"dbpedia_id_4092","movie_id_3506","0.7"
"dbpedia_id_7307","movie_id_3648","0.7"
"dbpedia_id_8462","movie_id_819","0.7"
"dbpedia_id_3562","movie_id_8197","0.7"
"dbpedia_id_7825","movie_id_7199","0.7"
"dbpedia_id_6483","movie_id_8466","0.7"
"dbpedia_id_2897","movie_id_7955","0.7"
"dbpedia_id_5146","movie_id_5218","0.7"
"dbpedia_id_9859","movie_id_4212","0.7"
"dbpedia_id_4165","movie_id_9054","0.7"
"dbpedia_id_111","movie_id_9551","0.7"
"dbpedia_id_1227","movie_id_5780","0.7"
"dbpedia_id_4047","movie_id_1190","0.7"
"dbpedia_id_4091","movie_id_7116","0.7"
"dbpedia_id_4111","movie_id_9057","0.7"
"dbpedia_id_5500","movie_id_7495","0.7"
"dbpedia_id_9594","movie_id_4025","0.7"
"dbpedia_id_9310","movie_id_1731","0.7"
"dbpedia_id_9650","movie_id_6633","0.7"
"dbpedia_id_9623","movie_id_1563","0.7"
"dbpedia_id_9922","movie_id_7122","0.7"
"dbpedia_id_4857","movie_id_5141","0.7"
"dbpedia_id_1498","movie_id_3322","0.7"
"dbpedia_id_5039","movie_id_3626","0.7"
"dbpedia_id_9835","movie_id_4835","0.7"
"dbpedia_id_6517","movie_id_5370","0.7"
"dbpedia_id_6441","movie_id_7996","0.7"
"dbpedia_id_6791","movie_id_1385","0.7"
"dbpedia_id_6299","movie_id_2627","0.7"
"dbpedia_id_5376","movie_id_1267","0.7"
"dbpedia_id_6896","movie_id_8980","0.7"
"dbpedia_id_4100","movie_id_8627","0.7"
"dbpedia_id_7338","movie_id_7074","0.7"
"dbpedia_id_8665","movie_id_8553","0.7"
"dbpedia_id_7159","movie_id_1855","0.7"
"dbpedia_id_4058","movie_id_2738","0.7"
"dbpedia_id_1239","movie_id_6561","0.7"
"dbpedia_id_9438","movie_id_1972","0.7"
"dbpedia_id_3966","movie_id_525","0.7"
"dbpedia_id_1637","movie_id_5987","0.7"
"dbpedia_id_5333","movie_id_2572","0.7"
"dbpedia_id_6820","movie_id_7416","0.7"
"dbpedia_id_9570","movie_id_2725","0.7"
"dbpedia_id_5181","movie_id_3746","0.7"
"dbpedia_id_144","movie_id_4600","0.7"
"dbpedia_id_1321","movie_id_5488","0.7"
"dbpedia_id_2520","movie_id_2051","0.7"
"dbpedia_id_1308","movie_id_4286","0.7"
"dbpedia_id_1949","movie_id_9060","0.7"
"dbpedia_id_2599","movie_id_8733","0.7"
"dbpedia_id_6780","movie_id_3891","0.7"
"dbpedia_id_9865","movie_id_6316","0.7666666666666666"
"dbpedia_id_3389","movie_id_9405","0.7"
"dbpedia_id_3262","movie_id_5636","0.7"
"dbpedia_id_7194","movie_id_2853","0.7"
"dbpedia_id_4992","movie_id_9090","1.0"
"dbpedia_id_7325","movie_id_4352","1.0"
"dbpedia_id_7094","movie_id_9096","0.7"
"dbpedia_id_8118","movie_id_5640","0.7"
"dbpedia_id_5280","movie_id_1014","0.7"
"dbpedia_id_4207","movie_id_8720","0.7"
"dbpedia_id_1108","movie_id_5809","0.7"
"dbpedia_id_3157","movie_id_3918","0.7"
"dbpedia_id_3113","movie_id_8562","0.7"
"dbpedia_id_1136","movie_id_8689","0.7"
"dbpedia_id_2524","movie_id_3983","0.7"
"dbpedia_id_6667","movie_id_7460","0.7"
"dbpedia_id_5453","movie_id_428","0.7"
"dbpedia_id_2032","movie_id_961","0.7"
"dbpedia_id_5100","movie_id_5400","0.7"
"dbpedia_id_3339","movie_id_4880","0.8599999999999999"
"dbpedia_id_9825","movie_id_9115","0.7"
"dbpedia_id_7011","movie_id_3961","0.7"
"dbpedia_id_3183","movie_id_4664","0.7"
"dbpedia_id_5683","movie_id_8973","0.7"
"dbpedia_id_7274","movie_id_874","0.7"
"dbpedia_id_5095","movie_id_1427","0.7"
"dbpedia_id_2900","movie_id_7485","0.7"
"dbpedia_id_9411","movie_id_2574","0.7"
"dbpedia_id_9539","movie_id_7063","0.7"
"dbpedia_id_2646","movie_id_5641","0.7"
"dbpedia_id_9313","movie_id_8512","0.7"
"dbpedia_id_4706","movie_id_2872","0.7"
"dbpedia_id_939","movie_id_5821","0.7"
"dbpedia_id_2825","movie_id_8887","0.7"
"dbpedia_id_7355","movie_id_3160","0.7"
"dbpedia_id_1925","movie_id_9018","0.7"
"dbpedia_id_4096","movie_id_7868","0.7"
"dbpedia_id_9337","movie_id_9447","0.7"
"dbpedia_id_6964","movie_id_6143","1.0"
"dbpedia_id_3969","movie_id_156","0.7"
"dbpedia_id_3411","movie_id_5806","0.7"
"dbpedia_id_9501","movie_id_2066","0.7"
"dbpedia_id_9543","movie_id_8880","0.7"
"dbpedia_id_4017","movie_id_4495","0.7"
"dbpedia_id_1056","movie_id_9141","0.7"
"dbpedia_id_10087","movie_id_1442","0.7"
"dbpedia_id_6982","movie_id_7423","0.7"
"dbpedia_id_4361","movie_id_9708","0.7"
"dbpedia_id_3961","movie_id_3112","0.7"
"dbpedia_id_5324","movie_id_9266","0.7"
"dbpedia_id_6920","movie_id_3390","0.7"
"dbpedia_id_3796","movie_id_9211","0.7"
"dbpedia_id_1853","movie_id_7478","0.7"
"dbpedia_id_161","movie_id_1697","0.7"
"dbpedia_id_3994","movie_id_99","0.7"
"dbpedia_id_7414","movie_id_6612","0.7"
"dbpedia_id_1796","movie_id_3770","0.7"
"dbpedia_id_1537","movie_id_3039","0.7"
"dbpedia_id_1950","movie_id_1626","0.7"
"dbpedia_id_9579","movie_id_5165","0.7"
"dbpedia_id_5377","movie_id_997","0.7"
"dbpedia_id_2559","movie_id_3766","0.7"
"dbpedia_id_9968","movie_id_2322","0.7"
"dbpedia_id_4195","movie_id_3795","0.7"
"dbpedia_id_3146","movie_id_687","0.7"
"dbpedia_id_2301","movie_id_3234","0.7"
"dbpedia_id_8209","movie_id_9469","0.7"
"dbpedia_id_5092","movie_id_2488","0.7"
"dbpedia_id_9916","movie_id_152","0.7"
"dbpedia_id_6954","movie_id_2608","0.7"
"dbpedia_id_5168","movie_id_6996","0.7"
"dbpedia_id_9592","movie_id_5008","0.7"
"dbpedia_id_4136","movie_id_3817","0.7"
"dbpedia_id_9562","movie_id_2812","0.7"
"dbpedia_id_7664","movie_id_3882","0.7"
"dbpedia_id_7850","movie_id_3718","0.7"
"dbpedia_id_9976","movie_id_1598","0.7"
"dbpedia_id_9506","movie_id_5718","0.7"
"dbpedia_id_5603","movie_id_4699","0.7"
"dbpedia_id_3158","movie_id_1619","0.7"
"dbpedia_id_5098","movie_id_6877","0.7"
"dbpedia_id_9640","movie_id_3820","0.7"
"dbpedia_id_6797","movie_id_7721","0.7"
"dbpedia_id_186","movie_id_3515","0.7"
"dbpedia_id_3322","movie_id_3787","0.7"
"dbpedia_id_9475","movie_id_3710","0.7"
"dbpedia_id_1110","movie_id_348","0.7"
"dbpedia_id_5636","movie_id_5023","0.7"
"dbpedia_id_7443","movie_id_81","0.7"
"dbpedia_id_7066","movie_id_940","0.7"
"dbpedia_id_915","movie_id_5241","0.7"
"dbpedia_id_1553","movie_id_7616","0.7"
"dbpedia_id_5637","movie_id_773","0.7"
"dbpedia_id_9869","movie_id_1595","0.7"
"dbpedia_id_3220","movie_id_4194","0.7"
"dbpedia_id_9248","movie_id_9678","0.7"
"dbpedia_id_9070","movie_id_2788","0.7"
"dbpedia_id_1149","movie_id_3351","0.7"
"dbpedia_id_1617","movie_id_245","0.7"
"dbpedia_id_4007","movie_id_5929","0.7"
"dbpedia_id_1161","movie_id_5854","0.7"
"dbpedia_id_5457","movie_id_2805","0.7"
"dbpedia_id_3156","movie_id_1315","0.7"
"dbpedia_id_7699","movie_id_4211","0.7"
"dbpedia_id_1953","movie_id_2593","0.7"
"dbpedia_id_6058","movie_id_7836","0.7"
"dbpedia_id_7172","movie_id_5271","0.7"
"dbpedia_id_7332","movie_id_9459","0.7"
"dbpedia_id_3586","movie_id_1648","0.7"
"dbpedia_id_7421","movie_id_3941","0.7"
"dbpedia_id_6968","movie_id_3717","0.7"
"dbpedia_id_9329","movie_id_3969","0.7"
"dbpedia_id_1976","movie_id_3889","0.7"
"dbpedia_id_5311","movie_id_2386","0.7"
"dbpedia_id_3209","movie_id_6955","0.7"
"dbpedia_id_4631","movie_id_9466","0.7"
"dbpedia_id_7283","movie_id_871","0.7"
"dbpedia_id_1606","movie_id_1086","0.7"
"dbpedia_id_9258","movie_id_1684","0.7"
"dbpedia_id_2573","movie_id_9203","1.0"
"dbpedia_id_9800","movie_id_2232","0.7"
"dbpedia_id_7231","movie_id_1513","0.7"
"dbpedia_id_9921","movie_id_2203","0.7"
"dbpedia_id_5672","movie_id_4001","0.7"
"dbpedia_id_7988","movie_id_9680","0.7"
"dbpedia_id_1179","movie_id_3730","0.7"
"dbpedia_id_1994","movie_id_6325","0.7"
"dbpedia_id_954","movie_id_8229","0.7"
"dbpedia_id_4130","movie_id_1711","0.7"
"dbpedia_id_2568","movie_id_4295","0.7"
"dbpedia_id_5211","movie_id_1070","0.7"
"dbpedia_id_6808","movie_id_2352","0.7"
"dbpedia_id_1604","movie_id_540","0.7"
"dbpedia_id_7995","movie_id_3670","0.7"
"dbpedia_id_8820","movie_id_5826","0.7"
"dbpedia_id_5170","movie_id_4162","0.7"
"dbpedia_id_4278","movie_id_5450","0.7"
"dbpedia_id_6754","movie_id_9573","0.7"
"dbpedia_id_9069","movie_id_4509","1.0"
"dbpedia_id_5329","movie_id_8157","0.7"
"dbpedia_id_5650","movie_id_1306","0.7"
"dbpedia_id_3704","movie_id_8391","0.7"
"dbpedia_id_7114","movie_id_1299","0.7"
"dbpedia_id_2482","movie_id_7151","0.7"
"dbpedia_id_1842","movie_id_7026","0.7"
"dbpedia_id_5248","movie_id_8785","0.7"
"dbpedia_id_1171","movie_id_3892","0.7"
"dbpedia_id_7201","movie_id_1160","0.7"
"dbpedia_id_7242","movie_id_287","0.7"
"dbpedia_id_8263","movie_id_1728","0.7"
"dbpedia_id_160","movie_id_1697","0.7"
"dbpedia_id_5606","movie_id_4948","0.7"
"dbpedia_id_5485","movie_id_634","0.7"
"dbpedia_id_6961","movie_id_230","0.7"
"dbpedia_id_1496","movie_id_3519","0.7"
"dbpedia_id_4163","movie_id_4627","0.7"
"dbpedia_id_7369","movie_id_4102","0.7"
"dbpedia_id_2062","movie_id_1255","0.7"
"dbpedia_id_9626","movie_id_3531","0.7"
"dbpedia_id_3740","movie_id_1068","0.7"
"dbpedia_id_6098","movie_id_9620","0.72"
"dbpedia_id_1525","movie_id_2773","0.7"
"dbpedia_id_9378","movie_id_8923","0.7"
"dbpedia_id_3241","movie_id_671","0.7"
"dbpedia_id_8231","movie_id_2516","0.7"
"dbpedia_id_4204","movie_id_403","0.7"
"dbpedia_id_5768","movie_id_2450","0.7"
"dbpedia_id_6898","movie_id_4839","0.7"
"dbpedia_id_7331","movie_id_4735","0.7"
"dbpedia_id_6396","movie_id_6592","0.7"
"dbpedia_id_2336","movie_id_904","0.7"
"dbpedia_id_9241","movie_id_5116","0.7"
"dbpedia_id_1541","movie_id_265","0.7"
"dbpedia_id_6557","movie_id_5715","0.7"
"dbpedia_id_3328","movie_id_3390","0.7"
"dbpedia_id_4018","movie_id_1779","0.7"
"dbpedia_id_7402","movie_id_2654","0.7"
"dbpedia_id_5535","movie_id_4786","0.7"
"dbpedia_id_6077","movie_id_7078","0.7"
"dbpedia_id_1563","movie_id_3623","0.7"
"dbpedia_id_9642","movie_id_2460","0.7"
"dbpedia_id_4081","movie_id_6170","0.7"
"dbpedia_id_7435","movie_id_1533","0.7"
"dbpedia_id_9638","movie_id_508","0.7"
"dbpedia_id_914","movie_id_5241","0.7"
"dbpedia_id_9854","movie_id_7646","1.0"
"dbpedia_id_6826","movie_id_6793","0.7"
"dbpedia_id_4082","movie_id_8202","0.7"
"dbpedia_id_2021","movie_id_5003","1.0"
"dbpedia_id_1131","movie_id_9661","0.7"
"dbpedia_id_9242","movie_id_1549","0.7"
"dbpedia_id_3348","movie_id_1213","0.7"
"dbpedia_id_9663","movie_id_6690","0.7"
"dbpedia_id_7236","movie_id_9453","0.7"
"dbpedia_id_869","movie_id_9797","0.825"
"dbpedia_id_7042","movie_id_3571","0.7"
"dbpedia_id_2855","movie_id_8761","0.7666666666666666"
"dbpedia_id_4194","movie_id_4150","0.7"
"dbpedia_id_10077","movie_id_3073","0.7"
"dbpedia_id_4819","movie_id_4460","0.7"
"dbpedia_id_9782","movie_id_1832","0.7"
"dbpedia_id_7177","movie_id_1607","0.7"
"dbpedia_id_6514","movie_id_8065","0.7"
"dbpedia_id_9769","movie_id_5691","0.7"
"dbpedia_id_5566","movie_id_2465","0.7"
"dbpedia_id_2162","movie_id_8461","0.7"
"dbpedia_id_5422","movie_id_2028","0.7"
"dbpedia_id_9333","movie_id_2534","0.7"
