"HM_id_2148","movie_id_2484","1.0"
"HM_id_2016","movie_id_8048","1.0"
"HM_id_3578","movie_id_593","1.0"
"HM_id_2089","movie_id_2956","1.0"
"HM_id_1841","movie_id_5677","1.0"
"HM_id_1474","movie_id_1264","1.0"
"HM_id_2088","movie_id_2759","1.0"
"HM_id_4056","movie_id_3005","1.0"
"HM_id_4848","movie_id_1191","0.7"
"HM_id_3476","movie_id_5130","0.7"
"HM_id_1388","movie_id_4064","1.0"
"HM_id_4204","movie_id_4133","1.0"
"HM_id_3062","movie_id_2099","1.0"
"HM_id_2187","movie_id_6922","1.0"
"HM_id_2210","movie_id_381","1.0"
"HM_id_3224","movie_id_1528","1.0"
"HM_id_3643","movie_id_1114","1.0"
"HM_id_4082","movie_id_6116","0.7"
"HM_id_3956","movie_id_1240","0.7"
"HM_id_3522","movie_id_4778","1.0"
"HM_id_1067","movie_id_3015","1.0"
"HM_id_1695","movie_id_6659","1.0"
"HM_id_4757","movie_id_6874","1.0"
"HM_id_1780","movie_id_6392","1.0"
"HM_id_4002","movie_id_1869","1.0"
"HM_id_4120","movie_id_940","1.0"
"HM_id_3440","movie_id_4187","1.0"
"HM_id_1346","movie_id_4799","1.0"
"HM_id_3174","movie_id_7544","1.0"
"HM_id_1647","movie_id_567","1.0"
"HM_id_1017","movie_id_5337","1.0"
"HM_id_3454","movie_id_6450","1.0"
"HM_id_3005","movie_id_1667","1.0"
"HM_id_1821","movie_id_3894","1.0"
"HM_id_1796","movie_id_2959","1.0"
"HM_id_1141","movie_id_6734","1.0"
"HM_id_3912","movie_id_749","1.0"
"HM_id_3913","movie_id_1546","0.7"
"HM_id_4650","movie_id_3209","1.0"
"HM_id_3315","movie_id_3817","1.0"
"HM_id_2614","movie_id_1465","1.0"
"HM_id_2784","movie_id_1230","1.0"
"HM_id_3529","movie_id_2509","1.0"
"HM_id_3920","movie_id_4671","1.0"
"HM_id_3893","movie_id_2932","1.0"
"HM_id_2475","movie_id_8426","1.0"
"HM_id_2425","movie_id_897","0.7"
"HM_id_4011","movie_id_3936","1.0"
"HM_id_3725","movie_id_6044","0.8"
"HM_id_3072","movie_id_3286","1.0"
"HM_id_4687","movie_id_5064","1.0"
"HM_id_3554","movie_id_592","1.0"
"HM_id_2413","movie_id_249","1.0"
"HM_id_2370","movie_id_9768","1.0"
"HM_id_4309","movie_id_2825","1.0"
"HM_id_1963","movie_id_4433","1.0"
"HM_id_2870","movie_id_948","1.0"
"HM_id_2554","movie_id_100","1.0"
"HM_id_3930","movie_id_5027","0.7"
"HM_id_1619","movie_id_8397","1.0"
"HM_id_3987","movie_id_7126","1.0"
"HM_id_4190","movie_id_1423","0.7"
"HM_id_2991","movie_id_2987","1.0"
"HM_id_3217","movie_id_1360","1.0"
"HM_id_2552","movie_id_2095","1.0"
"HM_id_3090","movie_id_558","1.0"
"HM_id_2924","movie_id_1929","1.0"
"HM_id_1496","movie_id_1286","1.0"
"HM_id_3540","movie_id_4894","1.0"
"HM_id_2806","movie_id_9135","1.0"
"HM_id_2149","movie_id_2399","1.0"
"HM_id_1800","movie_id_1599","1.0"
"HM_id_3204","movie_id_2177","1.0"
"HM_id_3640","movie_id_2851","1.0"
"HM_id_3685","movie_id_2328","1.0"
"HM_id_3511","movie_id_9549","1.0"
"HM_id_1688","movie_id_7052","1.0"
"HM_id_1277","movie_id_7270","1.0"
"HM_id_2689","movie_id_7569","1.0"
"HM_id_1864","movie_id_591","1.0"
"HM_id_3271","movie_id_1218","1.0"
"HM_id_4014","movie_id_6816","1.0"
"HM_id_3657","movie_id_102","1.0"
"HM_id_3979","movie_id_3069","1.0"
"HM_id_4392","movie_id_1173","1.0"
"HM_id_3049","movie_id_494","1.0"
"HM_id_2303","movie_id_2538","1.0"
"HM_id_3516","movie_id_827","0.7"
"HM_id_3975","movie_id_4588","1.0"
"HM_id_2735","movie_id_2107","1.0"
"HM_id_1315","movie_id_2379","1.0"
"HM_id_1904","movie_id_5280","1.0"
"HM_id_1815","movie_id_4830","1.0"
"HM_id_2252","movie_id_2461","1.0"
"HM_id_2663","movie_id_1492","1.0"
"HM_id_1598","movie_id_1211","1.0"
"HM_id_4366","movie_id_9524","1.0"
"HM_id_2482","movie_id_1102","1.0"
"HM_id_4068","movie_id_3434","1.0"
"HM_id_2114","movie_id_2178","1.0"
"HM_id_3674","movie_id_5830","1.0"
"HM_id_3018","movie_id_1215","1.0"
"HM_id_3059","movie_id_5149","1.0"
"HM_id_1370","movie_id_8939","1.0"
"HM_id_1410","movie_id_5048","1.0"
"HM_id_4051","movie_id_5548","1.0"
"HM_id_2322","movie_id_3889","1.0"
"HM_id_4177","movie_id_8099","1.0"
"HM_id_3145","movie_id_3841","1.0"
"HM_id_4240","movie_id_694","1.0"
"HM_id_2260","movie_id_7374","1.0"
"HM_id_2835","movie_id_545","1.0"
"HM_id_3416","movie_id_8830","0.7"
"HM_id_3234","movie_id_227","1.0"
"HM_id_3593","movie_id_5670","0.7"
"HM_id_2006","movie_id_8350","0.7"
"HM_id_3210","movie_id_1934","1.0"
"HM_id_3290","movie_id_6005","1.0"
"HM_id_3092","movie_id_4615","0.7"
"HM_id_4029","movie_id_9022","1.0"
"HM_id_4713","movie_id_2879","1.0"
"HM_id_2692","movie_id_4933","1.0"
"HM_id_2713","movie_id_6644","1.0"
"HM_id_3531","movie_id_397","1.0"
"HM_id_2182","movie_id_3603","1.0"
"HM_id_3813","movie_id_9357","1.0"
"HM_id_1799","movie_id_3160","1.0"
"HM_id_3377","movie_id_2208","1.0"
"HM_id_2237","movie_id_4129","1.0"
"HM_id_2755","movie_id_1456","1.0"
"HM_id_3140","movie_id_3330","1.0"
"HM_id_4033","movie_id_3803","1.0"
"HM_id_2662","movie_id_2261","1.0"
"HM_id_1879","movie_id_6983","1.0"
"HM_id_3257","movie_id_6071","1.0"
"HM_id_2105","movie_id_9101","1.0"
"HM_id_2204","movie_id_7539","1.0"
"HM_id_4208","movie_id_2228","1.0"
"HM_id_3095","movie_id_9143","1.0"
"HM_id_1010","movie_id_2689","1.0"
"HM_id_1698","movie_id_1732","1.0"
"HM_id_3237","movie_id_316","1.0"
"HM_id_3654","movie_id_1016","1.0"
"HM_id_1935","movie_id_9833","1.0"
"HM_id_4553","movie_id_1945","1.0"
"HM_id_1715","movie_id_4798","0.7"
"HM_id_2080","movie_id_1029","1.0"
"HM_id_2851","movie_id_405","1.0"
"HM_id_3079","movie_id_2146","1.0"
"HM_id_2259","movie_id_7259","1.0"
"HM_id_2071","movie_id_8866","1.0"
"HM_id_2909","movie_id_4311","1.0"
"HM_id_3807","movie_id_2400","1.0"
"HM_id_3970","movie_id_6243","1.0"
"HM_id_3835","movie_id_3028","0.7"
"HM_id_1684","movie_id_6778","0.7"
"HM_id_1880","movie_id_158","1.0"
"HM_id_2045","movie_id_530","1.0"
"HM_id_3500","movie_id_2500","1.0"
"HM_id_2472","movie_id_1981","1.0"
"HM_id_1183","movie_id_9762","1.0"
"HM_id_1868","movie_id_3589","1.0"
"HM_id_2359","movie_id_1730","1.0"
"HM_id_1468","movie_id_817","0.7"
"HM_id_2567","movie_id_588","1.0"
"HM_id_3989","movie_id_5531","1.0"
"HM_id_3395","movie_id_2081","1.0"
"HM_id_2273","movie_id_2141","1.0"
"HM_id_4162","movie_id_1922","1.0"
"HM_id_2669","movie_id_7118","1.0"
"HM_id_4512","movie_id_8252","1.0"
"HM_id_2914","movie_id_4919","1.0"
"HM_id_2489","movie_id_1748","1.0"
"HM_id_2544","movie_id_7695","1.0"
"HM_id_2708","movie_id_469","1.0"
"HM_id_1706","movie_id_939","1.0"
"HM_id_4369","movie_id_3133","1.0"
"HM_id_2417","movie_id_2073","1.0"
"HM_id_3255","movie_id_447","1.0"
"HM_id_4347","movie_id_6745","1.0"
"HM_id_1944","movie_id_941","1.0"
"HM_id_3919","movie_id_1616","1.0"
"HM_id_2615","movie_id_5538","1.0"
"HM_id_2956","movie_id_3064","1.0"
"HM_id_3035","movie_id_4023","0.7"
"HM_id_3110","movie_id_3953","1.0"
"HM_id_2019","movie_id_9496","1.0"
"HM_id_1502","movie_id_6173","1.0"
"HM_id_3047","movie_id_5127","1.0"
"HM_id_3513","movie_id_7628","0.7"
"HM_id_1550","movie_id_1793","1.0"
"HM_id_1477","movie_id_3596","1.0"
"HM_id_2017","movie_id_264","1.0"
"HM_id_3812","movie_id_7588","0.7"
"HM_id_3684","movie_id_2559","0.7"
"HM_id_4451","movie_id_9612","0.7"
"HM_id_3756","movie_id_1932","1.0"
"HM_id_2366","movie_id_5721","1.0"
"HM_id_4364","movie_id_5671","1.0"
"HM_id_2829","movie_id_5474","1.0"
"HM_id_1324","movie_id_9633","1.0"
"HM_id_2197","movie_id_3959","1.0"
"HM_id_2677","movie_id_1694","1.0"
"HM_id_2516","movie_id_2068","1.0"
"HM_id_4719","movie_id_2422","1.0"
"HM_id_3711","movie_id_4155","1.0"
"HM_id_3927","movie_id_5724","1.0"
"HM_id_2138","movie_id_493","1.0"
"HM_id_3232","movie_id_202","1.0"
"HM_id_1822","movie_id_2880","1.0"
"HM_id_4107","movie_id_5368","1.0"
"HM_id_1590","movie_id_2364","1.0"
"HM_id_4279","movie_id_5189","1.0"
"HM_id_3495","movie_id_5907","1.0"
"HM_id_2481","movie_id_7406","1.0"
"HM_id_1761","movie_id_6839","1.0"
"HM_id_3673","movie_id_2338","1.0"
"HM_id_4009","movie_id_3141","1.0"
"HM_id_4111","movie_id_2906","1.0"
"HM_id_3096","movie_id_3068","1.0"
"HM_id_4395","movie_id_770","0.7"
"HM_id_3634","movie_id_1506","1.0"
"HM_id_4084","movie_id_3866","1.0"
"HM_id_4049","movie_id_9161","1.0"
"HM_id_3016","movie_id_2412","1.0"
"HM_id_2752","movie_id_1012","1.0"
"HM_id_3786","movie_id_8619","0.7"
"HM_id_1367","movie_id_2471","1.0"
"HM_id_2440","movie_id_7600","1.0"
"HM_id_3963","movie_id_2785","1.0"
"HM_id_4717","movie_id_3335","0.7"
"HM_id_1565","movie_id_1664","1.0"
"HM_id_1668","movie_id_8839","0.7"
"HM_id_4030","movie_id_703","1.0"
"HM_id_2946","movie_id_2097","1.0"
"HM_id_3924","movie_id_2439","0.7"
"HM_id_3039","movie_id_9317","0.7"
"HM_id_3299","movie_id_508","1.0"
"HM_id_2935","movie_id_7151","1.0"
"HM_id_3760","movie_id_3180","1.0"
"HM_id_2032","movie_id_1618","1.0"
"HM_id_3264","movie_id_3127","1.0"
"HM_id_3595","movie_id_2355","1.0"
"HM_id_4113","movie_id_7690","1.0"
"HM_id_3536","movie_id_3433","1.0"
"HM_id_3862","movie_id_6054","0.7"
"HM_id_1171","movie_id_5257","1.0"
"HM_id_3757","movie_id_1198","1.0"
"HM_id_3520","movie_id_1558","1.0"
"HM_id_2150","movie_id_850","1.0"
"HM_id_2577","movie_id_8683","1.0"
"HM_id_3431","movie_id_2271","1.0"
"HM_id_2095","movie_id_3648","1.0"
"HM_id_2121","movie_id_4461","1.0"
"HM_id_4824","movie_id_9085","1.0"
"HM_id_2667","movie_id_3157","1.0"
"HM_id_4217","movie_id_2463","1.0"
"HM_id_2025","movie_id_488","1.0"
"HM_id_1486","movie_id_4331","1.0"
"HM_id_1947","movie_id_847","1.0"
"HM_id_1470","movie_id_2275","1.0"
"HM_id_3305","movie_id_9699","1.0"
"HM_id_2333","movie_id_2867","1.0"
"HM_id_2426","movie_id_7352","1.0"
"HM_id_2568","movie_id_454","1.0"
"HM_id_2834","movie_id_9808","1.0"
"HM_id_4645","movie_id_9540","1.0"
"HM_id_2069","movie_id_7727","1.0"
"HM_id_2810","movie_id_6087","1.0"
"HM_id_3503","movie_id_1214","1.0"
"HM_id_4055","movie_id_6979","1.0"
"HM_id_2671","movie_id_540","1.0"
"HM_id_1751","movie_id_7913","0.7"
"HM_id_1882","movie_id_9159","0.7"
"HM_id_3683","movie_id_5259","1.0"
"HM_id_3250","movie_id_1559","0.7"
"HM_id_4449","movie_id_9817","1.0"
"HM_id_2754","movie_id_4523","1.0"
"HM_id_4161","movie_id_6937","1.0"
"HM_id_3071","movie_id_3908","0.7"
"HM_id_4294","movie_id_513","1.0"
"HM_id_3929","movie_id_1103","0.7"
"HM_id_3318","movie_id_2320","1.0"
"HM_id_1525","movie_id_4827","0.7"
"HM_id_2697","movie_id_7470","1.0"
"HM_id_3477","movie_id_378","1.0"
"HM_id_4621","movie_id_9430","0.7"
"HM_id_3695","movie_id_1583","1.0"
"HM_id_4552","movie_id_139","0.7"
"HM_id_3671","movie_id_2047","1.0"
"HM_id_2658","movie_id_719","1.0"
"HM_id_4679","movie_id_4392","1.0"
"HM_id_1548","movie_id_876","1.0"
"HM_id_3346","movie_id_1152","1.0"
"HM_id_3988","movie_id_1893","1.0"
"HM_id_3895","movie_id_3518","1.0"
"HM_id_3501","movie_id_1652","1.0"
"HM_id_3650","movie_id_6303","1.0"
"HM_id_2412","movie_id_533","1.0"
"HM_id_1605","movie_id_1188","1.0"
"HM_id_3922","movie_id_4634","1.0"
"HM_id_4274","movie_id_6277","0.7"
"HM_id_3443","movie_id_6385","1.0"
"HM_id_3523","movie_id_1310","1.0"
"HM_id_3199","movie_id_6575","1.0"
"HM_id_2308","movie_id_1846","1.0"
"HM_id_1517","movie_id_4639","1.0"
"HM_id_2103","movie_id_3675","1.0"
"HM_id_4140","movie_id_8492","1.0"
"HM_id_2044","movie_id_1978","1.0"
"HM_id_3874","movie_id_1086","1.0"
"HM_id_4715","movie_id_3249","1.0"
"HM_id_4210","movie_id_7019","1.0"
"HM_id_1693","movie_id_8402","1.0"
"HM_id_2900","movie_id_1902","1.0"
"HM_id_2579","movie_id_4154","1.0"
"HM_id_4295","movie_id_7706","1.0"
"HM_id_3022","movie_id_6655","1.0"
"HM_id_1990","movie_id_562","1.0"
"HM_id_2990","movie_id_1236","1.0"
"HM_id_4229","movie_id_4124","1.0"
"HM_id_4280","movie_id_1612","1.0"
"HM_id_3185","movie_id_3265","1.0"
"HM_id_3802","movie_id_8553","1.0"
"HM_id_3833","movie_id_5247","1.0"
"HM_id_2381","movie_id_2111","1.0"
"HM_id_4734","movie_id_1158","1.0"
"HM_id_2825","movie_id_216","1.0"
"HM_id_3645","movie_id_119","1.0"
"HM_id_4194","movie_id_7930","1.0"
"HM_id_4101","movie_id_6781","1.0"
"HM_id_3303","movie_id_388","1.0"
"HM_id_1520","movie_id_3348","1.0"
"HM_id_3866","movie_id_691","1.0"
"HM_id_4148","movie_id_7683","1.0"
"HM_id_4050","movie_id_5820","1.0"
"HM_id_1437","movie_id_8328","1.0"
"HM_id_1737","movie_id_6442","1.0"
"HM_id_3339","movie_id_9130","1.0"
"HM_id_2890","movie_id_298","1.0"
"HM_id_1832","movie_id_6117","1.0"
"HM_id_2547","movie_id_9378","1.0"
"HM_id_4085","movie_id_4400","1.0"
"HM_id_4640","movie_id_8486","1.0"
"HM_id_3920","movie_id_5489","0.7"
"HM_id_3556","movie_id_7626","1.0"
"HM_id_1981","movie_id_5599","1.0"
"HM_id_1329","movie_id_905","1.0"
"HM_id_4680","movie_id_7284","1.0"
"HM_id_3191","movie_id_7371","1.0"
"HM_id_2348","movie_id_4621","1.0"
"HM_id_3659","movie_id_8272","1.0"
"HM_id_3954","movie_id_56","0.7"
"HM_id_4759","movie_id_6832","0.7"
"HM_id_4070","movie_id_2135","1.0"
"HM_id_2180","movie_id_2093","1.0"
"HM_id_1014","movie_id_4300","0.7"
"HM_id_1649","movie_id_4808","1.0"
"HM_id_2057","movie_id_659","1.0"
"HM_id_3696","movie_id_3998","1.0"
"HM_id_3732","movie_id_6913","1.0"
"HM_id_1311","movie_id_7345","1.0"
"HM_id_2109","movie_id_7611","1.0"
"HM_id_3824","movie_id_3278","1.0"
"HM_id_3826","movie_id_7148","1.0"
"HM_id_4095","movie_id_1256","1.0"
"HM_id_3274","movie_id_813","1.0"
"HM_id_1525","movie_id_1921","1.0"
"HM_id_2546","movie_id_4294","0.7"
"HM_id_3241","movie_id_4876","1.0"
"HM_id_1051","movie_id_2332","1.0"
"HM_id_4344","movie_id_3356","0.7"
"HM_id_2684","movie_id_5173","1.0"
"HM_id_4187","movie_id_2601","1.0"
"HM_id_1518","movie_id_411","1.0"
"HM_id_2038","movie_id_485","1.0"
"HM_id_3717","movie_id_7873","1.0"
"HM_id_1320","movie_id_210","1.0"
"HM_id_3280","movie_id_1220","1.0"
"HM_id_4144","movie_id_4083","1.0"
"HM_id_2586","movie_id_1758","1.0"
"HM_id_2611","movie_id_2460","1.0"
"HM_id_1199","movie_id_2501","1.0"
"HM_id_3635","movie_id_3417","1.0"
"HM_id_2653","movie_id_5276","1.0"
"HM_id_3594","movie_id_2089","1.0"
"HM_id_3619","movie_id_8037","0.7"
"HM_id_3004","movie_id_2679","1.0"
"HM_id_4611","movie_id_6787","0.7"
"HM_id_3321","movie_id_3272","1.0"
"HM_id_4013","movie_id_4811","1.0"
"HM_id_3700","movie_id_5461","1.0"
"HM_id_1867","movie_id_6049","1.0"
"HM_id_2546","movie_id_148","1.0"
"HM_id_3957","movie_id_3997","1.0"
"HM_id_4086","movie_id_2456","1.0"
"HM_id_2666","movie_id_2049","1.0"
"HM_id_1894","movie_id_7199","1.0"
"HM_id_3881","movie_id_1959","1.0"
"HM_id_3880","movie_id_871","1.0"
"HM_id_2142","movie_id_4179","1.0"
"HM_id_2504","movie_id_7870","1.0"
"HM_id_4712","movie_id_1642","1.0"
"HM_id_3039","movie_id_4733","1.0"
"HM_id_3904","movie_id_1302","1.0"
"HM_id_1143","movie_id_2542","1.0"
"HM_id_4236","movie_id_2398","1.0"
"HM_id_3702","movie_id_2043","1.0"
"HM_id_1582","movie_id_1153","1.0"
"HM_id_3137","movie_id_5744","1.0"
"HM_id_1167","movie_id_2239","1.0"
"HM_id_1441","movie_id_5781","0.7"
"HM_id_2317","movie_id_1838","1.0"
"HM_id_4009","movie_id_8038","0.7"
"HM_id_2720","movie_id_5658","1.0"
"HM_id_3001","movie_id_903","1.0"
"HM_id_4315","movie_id_5216","1.0"
"HM_id_2862","movie_id_3556","1.0"
"HM_id_4273","movie_id_6253","0.7"
"HM_id_2052","movie_id_764","1.0"
"HM_id_2999","movie_id_731","1.0"
"HM_id_1768","movie_id_9475","1.0"
"HM_id_1087","movie_id_1685","1.0"
"HM_id_1986","movie_id_9841","0.7"
"HM_id_4348","movie_id_2346","1.0"
"HM_id_2507","movie_id_1496","1.0"
"HM_id_3588","movie_id_7269","1.0"
"HM_id_2588","movie_id_4190","1.0"
"HM_id_2555","movie_id_142","1.0"
"HM_id_3831","movie_id_376","1.0"
"HM_id_1441","movie_id_3016","0.7"
"HM_id_1664","movie_id_6815","1.0"
"HM_id_3719","movie_id_2142","1.0"
"HM_id_4487","movie_id_959","1.0"
"HM_id_4239","movie_id_4457","1.0"
"HM_id_4042","movie_id_4972","1.0"
"HM_id_3218","movie_id_7573","1.0"
"HM_id_3806","movie_id_5746","1.0"
"HM_id_1846","movie_id_8227","1.0"
"HM_id_2645","movie_id_2796","1.0"
"HM_id_1900","movie_id_8858","1.0"
"HM_id_1876","movie_id_2269","1.0"
"HM_id_1002","movie_id_4844","1.0"
"HM_id_1849","movie_id_2888","1.0"
"HM_id_2820","movie_id_2934","1.0"
"HM_id_3703","movie_id_5929","1.0"
"HM_id_3448","movie_id_2124","1.0"
"HM_id_4845","movie_id_4960","1.0"
"HM_id_1611","movie_id_5706","1.0"
"HM_id_1331","movie_id_3172","1.0"
"HM_id_1397","movie_id_7183","1.0"
"HM_id_4630","movie_id_7660","1.0"
"HM_id_1725","movie_id_9469","1.0"
"HM_id_3296","movie_id_3567","1.0"
"HM_id_3557","movie_id_6404","1.0"
"HM_id_3098","movie_id_3275","1.0"
"HM_id_1588","movie_id_2843","1.0"
"HM_id_2394","movie_id_902","1.0"
"HM_id_3111","movie_id_6523","1.0"
"HM_id_3956","movie_id_3576","0.7"
"HM_id_1669","movie_id_865","1.0"
"HM_id_1334","movie_id_7057","1.0"
"HM_id_1819","movie_id_824","1.0"
"HM_id_3469","movie_id_3146","1.0"
"HM_id_4027","movie_id_4290","1.0"
"HM_id_3706","movie_id_9536","0.7"
"HM_id_4442","movie_id_5558","1.0"
"HM_id_4269","movie_id_2498","1.0"
"HM_id_1705","movie_id_2069","1.0"
"HM_id_3591","movie_id_4142","1.0"
"HM_id_3434","movie_id_8741","1.0"
"HM_id_3885","movie_id_1292","1.0"
"HM_id_1273","movie_id_839","1.0"
"HM_id_3144","movie_id_2530","1.0"
"HM_id_2896","movie_id_2326","1.0"
"HM_id_2372","movie_id_2242","1.0"
"HM_id_1314","movie_id_2551","1.0"
"HM_id_2638","movie_id_6975","1.0"
"HM_id_4056","movie_id_1878","0.7"
"HM_id_2119","movie_id_7875","1.0"
"HM_id_1589","movie_id_2778","1.0"
"HM_id_2857","movie_id_3715","1.0"
"HM_id_3754","movie_id_6095","1.0"
"HM_id_1696","movie_id_4303","0.8090909090909091"
"HM_id_3707","movie_id_5520","1.0"
"HM_id_3374","movie_id_2626","1.0"
"HM_id_1399","movie_id_6088","1.0"
"HM_id_1585","movie_id_2167","1.0"
"HM_id_2074","movie_id_6504","1.0"
"HM_id_3229","movie_id_8378","1.0"
"HM_id_2704","movie_id_2071","1.0"
"HM_id_2817","movie_id_2370","1.0"
"HM_id_2463","movie_id_2126","1.0"
"HM_id_1892","movie_id_7298","1.0"
"HM_id_3213","movie_id_4070","1.0"
"HM_id_2996","movie_id_898","1.0"
"HM_id_1538","movie_id_7292","1.0"
"HM_id_2288","movie_id_2014","1.0"
"HM_id_2712","movie_id_5329","0.7"
"HM_id_2014","movie_id_6079","1.0"
"HM_id_1151","movie_id_8427","1.0"
"HM_id_4220","movie_id_7384","1.0"
"HM_id_2882","movie_id_831","1.0"
"HM_id_4293","movie_id_1627","1.0"
"HM_id_1478","movie_id_5444","1.0"
"HM_id_3045","movie_id_2046","1.0"
"HM_id_3256","movie_id_5490","1.0"
"HM_id_3772","movie_id_745","1.0"
"HM_id_1284","movie_id_8191","0.7"
"HM_id_4430","movie_id_5657","1.0"
"HM_id_4132","movie_id_773","1.0"
"HM_id_3042","movie_id_2363","1.0"
"HM_id_4222","movie_id_2375","1.0"
"HM_id_1026","movie_id_3875","1.0"
"HM_id_1338","movie_id_5147","1.0"
"HM_id_1298","movie_id_8803","0.7"
"HM_id_1767","movie_id_3066","1.0"
"HM_id_2781","movie_id_183","1.0"
"HM_id_2250","movie_id_9452","1.0"
"HM_id_1967","movie_id_6634","1.0"
"HM_id_3100","movie_id_4841","1.0"
"HM_id_3334","movie_id_5287","1.0"
"HM_id_2725","movie_id_4018","1.0"
"HM_id_2151","movie_id_1721","1.0"
"HM_id_4798","movie_id_6175","1.0"
"HM_id_2354","movie_id_429","1.0"
"HM_id_2234","movie_id_6200","1.0"
"HM_id_3111","movie_id_8869","0.7"
"HM_id_3646","movie_id_2306","1.0"
"HM_id_2376","movie_id_4789","1.0"
"HM_id_1481","movie_id_340","1.0"
"HM_id_2375","movie_id_5249","1.0"
"HM_id_2795","movie_id_7699","1.0"
"HM_id_1471","movie_id_587","1.0"
"HM_id_3548","movie_id_2743","1.0"
"HM_id_1510","movie_id_9812","1.0"
"HM_id_4115","movie_id_3151","1.0"
"HM_id_3203","movie_id_4859","1.0"
"HM_id_2435","movie_id_4602","1.0"
"HM_id_3894","movie_id_2949","1.0"
"HM_id_1564","movie_id_3978","0.7"
"HM_id_1036","movie_id_5524","1.0"
"HM_id_4286","movie_id_6035","1.0"
"HM_id_4830","movie_id_8957","1.0"
"HM_id_4800","movie_id_1965","1.0"
"HM_id_3910","movie_id_2249","1.0"
"HM_id_3208","movie_id_2065","1.0"
"HM_id_2319","movie_id_4081","1.0"
"HM_id_2001","movie_id_4044","1.0"
"HM_id_2083","movie_id_933","1.0"
"HM_id_1174","movie_id_7425","1.0"
"HM_id_2202","movie_id_2304","1.0"
"HM_id_2989","movie_id_536","1.0"
"HM_id_3879","movie_id_484","1.0"
"HM_id_1476","movie_id_2025","1.0"
"HM_id_4388","movie_id_6420","0.7"
"HM_id_1190","movie_id_3369","1.0"
"HM_id_4509","movie_id_4134","1.0"
"HM_id_4181","movie_id_6768","1.0"
"HM_id_4770","movie_id_7266","1.0"
"HM_id_1526","movie_id_2191","1.0"
"HM_id_1652","movie_id_5518","1.0"
"HM_id_1524","movie_id_2094","1.0"
"HM_id_4538","movie_id_880","1.0"
"HM_id_1269","movie_id_8076","1.0"
"HM_id_3609","movie_id_9374","1.0"
"HM_id_2733","movie_id_5854","1.0"
"HM_id_4378","movie_id_9798","1.0"
"HM_id_4156","movie_id_2925","1.0"
"HM_id_3575","movie_id_4685","1.0"
"HM_id_2888","movie_id_2971","1.0"
"HM_id_1328","movie_id_906","1.0"
"HM_id_3974","movie_id_1299","1.0"
"HM_id_2436","movie_id_3614","0.7"
"HM_id_2421","movie_id_653","1.0"
"HM_id_1715","movie_id_7149","0.7"
"HM_id_2852","movie_id_2433","1.0"
"HM_id_2395","movie_id_8212","1.0"
"HM_id_2423","movie_id_643","1.0"
"HM_id_1911","movie_id_4105","1.0"
"HM_id_3888","movie_id_8145","1.0"
"HM_id_2998","movie_id_645","1.0"
"HM_id_1204","movie_id_464","1.0"
"HM_id_2674","movie_id_244","1.0"
"HM_id_1933","movie_id_1139","1.0"
"HM_id_2409","movie_id_8476","1.0"
"HM_id_1568","movie_id_4436","1.0"
"HM_id_3951","movie_id_918","1.0"
"HM_id_1811","movie_id_7632","1.0"
"HM_id_3794","movie_id_5668","1.0"
"HM_id_1306","movie_id_908","1.0"
"HM_id_4062","movie_id_5821","1.0"
"HM_id_4720","movie_id_6137","1.0"
"HM_id_4336","movie_id_2226","1.0"
"HM_id_3828","movie_id_1894","1.0"
"HM_id_3553","movie_id_1255","1.0"
"HM_id_3504","movie_id_9649","1.0"
"HM_id_2371","movie_id_7871","1.0"
"HM_id_3593","movie_id_6199","1.0"
"HM_id_1863","movie_id_5242","1.0"
"HM_id_4782","movie_id_9026","1.0"
"HM_id_4357","movie_id_6574","1.0"
"HM_id_1910","movie_id_4757","1.0"
"HM_id_2265","movie_id_1210","1.0"
"HM_id_3964","movie_id_1167","1.0"
"HM_id_4329","movie_id_7952","1.0"
"HM_id_2271","movie_id_8130","1.0"
"HM_id_2883","movie_id_8304","0.7"
"HM_id_3054","movie_id_5642","1.0"
"HM_id_4663","movie_id_2938","1.0"
"HM_id_1038","movie_id_1457","0.7"
"HM_id_1926","movie_id_3827","1.0"
"HM_id_3528","movie_id_7402","1.0"
"HM_id_1771","movie_id_205","1.0"
"HM_id_4476","movie_id_1128","0.7"
"HM_id_1317","movie_id_6434","1.0"
"HM_id_3843","movie_id_6907","0.7"
"HM_id_2711","movie_id_1469","1.0"
"HM_id_4737","movie_id_2201","1.0"
"HM_id_3207","movie_id_7230","1.0"
"HM_id_1583","movie_id_4574","1.0"
"HM_id_2336","movie_id_5736","1.0"
"HM_id_3225","movie_id_630","0.7"
"HM_id_3933","movie_id_3664","1.0"
"HM_id_3787","movie_id_6072","1.0"
"HM_id_2369","movie_id_8517","1.0"
"HM_id_3568","movie_id_8785","1.0"
"HM_id_4525","movie_id_997","1.0"
"HM_id_1899","movie_id_4759","1.0"
"HM_id_3918","movie_id_4351","1.0"
"HM_id_2571","movie_id_5472","1.0"
"HM_id_4410","movie_id_2154","1.0"
"HM_id_3506","movie_id_4905","1.0"
"HM_id_1955","movie_id_2279","1.0"
"HM_id_1219","movie_id_2762","1.0"
"HM_id_2642","movie_id_1334","1.0"
"HM_id_3892","movie_id_5079","1.0"
"HM_id_2299","movie_id_1617","1.0"
"HM_id_1209","movie_id_2434","1.0"
"HM_id_4073","movie_id_2576","1.0"
"HM_id_2679","movie_id_4533","1.0"
"HM_id_4054","movie_id_7665","1.0"
"HM_id_3570","movie_id_2428","1.0"
"HM_id_1940","movie_id_7753","1.0"
"HM_id_2380","movie_id_2322","0.7"
"HM_id_3925","movie_id_1146","1.0"
"HM_id_3916","movie_id_1593","1.0"
"HM_id_2812","movie_id_499","1.0"
"HM_id_2168","movie_id_4606","0.7"
"HM_id_1279","movie_id_4275","1.0"
"HM_id_1498","movie_id_4458","1.0"
"HM_id_3967","movie_id_5503","1.0"
"HM_id_4138","movie_id_5705","1.0"
"HM_id_2637","movie_id_2965","1.0"
"HM_id_2110","movie_id_1957","1.0"
"HM_id_3155","movie_id_2797","1.0"
"HM_id_3475","movie_id_1723","1.0"
"HM_id_1930","movie_id_3156","1.0"
"HM_id_1029","movie_id_3248","1.0"
"HM_id_2037","movie_id_1501","1.0"
"HM_id_3457","movie_id_9712","1.0"
"HM_id_1979","movie_id_4477","1.0"
"HM_id_2305","movie_id_6056","0.7"
"HM_id_2609","movie_id_2344","1.0"
"HM_id_3048","movie_id_1740","1.0"
"HM_id_3559","movie_id_6027","1.0"
"HM_id_4305","movie_id_909","1.0"
"HM_id_3484","movie_id_322","1.0"
"HM_id_4631","movie_id_3910","0.7"
"HM_id_1717","movie_id_8747","1.0"
"HM_id_3851","movie_id_9071","0.7"
"HM_id_3950","movie_id_526","1.0"
"HM_id_2479","movie_id_2380","1.0"
"HM_id_4702","movie_id_6662","1.0"
"HM_id_4103","movie_id_338","1.0"
"HM_id_2853","movie_id_2247","1.0"
"HM_id_4747","movie_id_9689","1.0"
"HM_id_3464","movie_id_2504","1.0"
"HM_id_2640","movie_id_8508","1.0"
"HM_id_3250","movie_id_2134","0.7"
"HM_id_2943","movie_id_4805","1.0"
"HM_id_3382","movie_id_3057","1.0"
"HM_id_4811","movie_id_481","1.0"
"HM_id_4363","movie_id_6767","1.0"
"HM_id_4762","movie_id_426","0.72"
"HM_id_3767","movie_id_1193","1.0"
"HM_id_2664","movie_id_2826","1.0"
"HM_id_3878","movie_id_1418","1.0"
"HM_id_3525","movie_id_5455","1.0"
"HM_id_2938","movie_id_640","1.0"
"HM_id_3902","movie_id_4575","1.0"
"HM_id_1226","movie_id_5509","1.0"
"HM_id_3409","movie_id_5663","1.0"
"HM_id_3122","movie_id_2122","0.7"
"HM_id_3233","movie_id_255","1.0"
"HM_id_3106","movie_id_7582","1.0"
"HM_id_2604","movie_id_2143","1.0"
"HM_id_3260","movie_id_1698","1.0"
"HM_id_3387","movie_id_6241","1.0"
"HM_id_1672","movie_id_5662","1.0"
"HM_id_2824","movie_id_278","1.0"
"HM_id_1408","movie_id_6230","1.0"
"HM_id_2006","movie_id_1812","1.0"
"HM_id_2775","movie_id_3413","1.0"
"HM_id_3883","movie_id_1729","0.7"
"HM_id_2209","movie_id_479","1.0"
"HM_id_2598","movie_id_5042","1.0"
"HM_id_1216","movie_id_8718","1.0"
"HM_id_4008","movie_id_1958","1.0"
"HM_id_1690","movie_id_7448","1.0"
"HM_id_4493","movie_id_8834","1.0"
"HM_id_2122","movie_id_4849","1.0"
"HM_id_4238","movie_id_7833","1.0"
"HM_id_4684","movie_id_3281","1.0"
"HM_id_1992","movie_id_6956","1.0"
"HM_id_4414","movie_id_5285","1.0"
"HM_id_1577","movie_id_8851","1.0"
"HM_id_4756","movie_id_2961","1.0"
"HM_id_3997","movie_id_3329","1.0"
"HM_id_4213","movie_id_6426","1.0"
"HM_id_2018","movie_id_5192","1.0"
"HM_id_1123","movie_id_9342","1.0"
"HM_id_2759","movie_id_22","0.7"
"HM_id_3956","movie_id_2029","1.0"
"HM_id_3720","movie_id_7024","1.0"
"HM_id_1952","movie_id_7546","1.0"
"HM_id_2245","movie_id_1533","1.0"
"HM_id_4311","movie_id_1257","1.0"
"HM_id_3091","movie_id_7255","1.0"
"HM_id_3622","movie_id_1187","0.7"
"HM_id_4819","movie_id_9158","1.0"
"HM_id_2763","movie_id_1840","1.0"
"HM_id_2865","movie_id_2686","1.0"
"HM_id_2891","movie_id_7659","1.0"
"HM_id_2635","movie_id_1510","0.7"
"HM_id_3348","movie_id_4702","1.0"
"HM_id_2235","movie_id_6656","0.7"
"HM_id_4058","movie_id_2909","1.0"
"HM_id_2065","movie_id_368","1.0"
"HM_id_2743","movie_id_1044","1.0"
"HM_id_1130","movie_id_3686","1.0"
"HM_id_3186","movie_id_714","1.0"
"HM_id_1197","movie_id_7986","1.0"
"HM_id_2875","movie_id_1696","1.0"
"HM_id_3565","movie_id_1689","1.0"
"HM_id_1423","movie_id_6446","1.0"
"HM_id_2107","movie_id_5007","1.0"
"HM_id_3270","movie_id_2540","1.0"
"HM_id_1511","movie_id_7331","1.0"
"HM_id_2608","movie_id_2794","1.0"
"HM_id_3574","movie_id_1864","1.0"
"HM_id_2850","movie_id_3026","1.0"
"HM_id_2769","movie_id_3255","1.0"
"HM_id_2525","movie_id_1716","1.0"
"HM_id_3515","movie_id_5678","1.0"
"HM_id_1573","movie_id_4601","1.0"
"HM_id_3261","movie_id_3013","1.0"
"HM_id_2369","movie_id_6674","0.7"
"HM_id_4098","movie_id_5002","1.0"
"HM_id_3688","movie_id_4660","1.0"
"HM_id_3849","movie_id_6539","1.0"
"HM_id_1848","movie_id_5641","1.0"
"HM_id_3272","movie_id_7686","1.0"
"HM_id_1381","movie_id_1928","1.0"
"HM_id_2779","movie_id_4168","1.0"
"HM_id_2424","movie_id_6040","1.0"
"HM_id_1916","movie_id_256","1.0"
"HM_id_2606","movie_id_8202","1.0"
"HM_id_1958","movie_id_8479","1.0"
"HM_id_1479","movie_id_4853","1.0"
"HM_id_4183","movie_id_2389","1.0"
"HM_id_3516","movie_id_394","0.7"
"HM_id_4359","movie_id_5686","1.0"
"HM_id_1463","movie_id_1971","1.0"
"HM_id_3742","movie_id_2072","1.0"
"HM_id_1260","movie_id_928","1.0"
"HM_id_1444","movie_id_2831","1.0"
"HM_id_2503","movie_id_2777","1.0"
"HM_id_3354","movie_id_3087","1.0"
"HM_id_3853","movie_id_6380","0.7"
"HM_id_2117","movie_id_3611","1.0"
"HM_id_1770","movie_id_9365","0.7"
"HM_id_4235","movie_id_1314","1.0"
"HM_id_4071","movie_id_8846","1.0"
"HM_id_2950","movie_id_3904","1.0"
"HM_id_2235","movie_id_7843","1.0"
"HM_id_4193","movie_id_6863","0.7"
"HM_id_2788","movie_id_7329","1.0"
"HM_id_1842","movie_id_2468","1.0"
"HM_id_3403","movie_id_7307","1.0"
"HM_id_2285","movie_id_4736","1.0"
"HM_id_3564","movie_id_7800","1.0"
"HM_id_1504","movie_id_2482","1.0"
"HM_id_3190","movie_id_757","1.0"
"HM_id_1492","movie_id_2624","1.0"
"HM_id_3481","movie_id_563","1.0"
"HM_id_2836","movie_id_1273","1.0"
"HM_id_3552","movie_id_2983","1.0"
"HM_id_2310","movie_id_6366","1.0"
"HM_id_1553","movie_id_4885","1.0"
"HM_id_4556","movie_id_7243","1.0"
"HM_id_2897","movie_id_5665","1.0"
"HM_id_2678","movie_id_3863","1.0"
"HM_id_2324","movie_id_1023","1.0"
"HM_id_3625","movie_id_5143","1.0"
"HM_id_1243","movie_id_265","1.0"
"HM_id_3517","movie_id_1063","1.0"
"HM_id_3764","movie_id_6560","1.0"
"HM_id_1494","movie_id_4280","1.0"
"HM_id_3120","movie_id_5430","1.0"
"HM_id_1028","movie_id_1330","1.0"
"HM_id_4079","movie_id_6248","0.7"
"HM_id_4133","movie_id_7926","1.0"
"HM_id_3404","movie_id_4867","1.0"
"HM_id_3035","movie_id_4521","0.7"
"HM_id_2341","movie_id_4993","1.0"
"HM_id_2780","movie_id_1725","1.0"
"HM_id_4016","movie_id_355","1.0"
"HM_id_1572","movie_id_1205","1.0"
"HM_id_1960","movie_id_4514","1.0"
"HM_id_2079","movie_id_8551","1.0"
"HM_id_3416","movie_id_6234","1.0"
"HM_id_2613","movie_id_9635","1.0"
"HM_id_2186","movie_id_2382","1.0"
"HM_id_4809","movie_id_8915","1.0"
"HM_id_3451","movie_id_5604","0.7"
"HM_id_2200","movie_id_1569","1.0"
"HM_id_3131","movie_id_3870","1.0"
"HM_id_3600","movie_id_2262","1.0"
"HM_id_2768","movie_id_5422","1.0"
"HM_id_3003","movie_id_4687","1.0"
"HM_id_3375","movie_id_7268","1.0"
"HM_id_1461","movie_id_2727","1.0"
"HM_id_1138","movie_id_4166","1.0"
"HM_id_3935","movie_id_5564","1.0"
"HM_id_2566","movie_id_1711","1.0"
"HM_id_3819","movie_id_1440","1.0"
"HM_id_3418","movie_id_9336","1.0"
"HM_id_1892","movie_id_9360","0.7"
"HM_id_4748","movie_id_2343","1.0"
"HM_id_2830","movie_id_5112","1.0"
"HM_id_1443","movie_id_613","1.0"
"HM_id_3056","movie_id_9748","1.0"
"HM_id_1208","movie_id_4721","1.0"
"HM_id_1855","movie_id_3469","1.0"
"HM_id_1082","movie_id_3729","1.0"
"HM_id_4765","movie_id_5534","1.0"
"HM_id_2449","movie_id_4093","1.0"
"HM_id_1785","movie_id_9031","0.7"
"HM_id_2742","movie_id_2781","1.0"
"HM_id_4307","movie_id_1284","1.0"
"HM_id_1569","movie_id_1047","1.0"
"HM_id_2042","movie_id_1937","1.0"
"HM_id_1735","movie_id_1848","1.0"
"HM_id_2343","movie_id_1361","1.0"
"HM_id_1630","movie_id_8001","1.0"
"HM_id_1508","movie_id_6194","1.0"
"HM_id_3929","movie_id_3586","1.0"
"HM_id_2690","movie_id_2164","1.0"
"HM_id_4291","movie_id_7065","0.7"
"HM_id_2098","movie_id_2696","1.0"
"HM_id_2024","movie_id_547","1.0"
"HM_id_3639","movie_id_4198","1.0"
"HM_id_3739","movie_id_9054","1.0"
"HM_id_2136","movie_id_5704","1.0"
"HM_id_1828","movie_id_8766","1.0"
"HM_id_1987","movie_id_4316","1.0"
"HM_id_4268","movie_id_3080","0.7"
"HM_id_2673","movie_id_665","1.0"
"HM_id_4267","movie_id_644","1.0"
"HM_id_2113","movie_id_2019","1.0"
"HM_id_3169","movie_id_2234","1.0"
"HM_id_3462","movie_id_1923","1.0"
"HM_id_3139","movie_id_1064","1.0"
"HM_id_3572","movie_id_2754","1.0"
"HM_id_2545","movie_id_3613","1.0"
"HM_id_1312","movie_id_3753","1.0"
"HM_id_3060","movie_id_651","1.0"
"HM_id_4394","movie_id_2539","1.0"
"HM_id_3567","movie_id_5525","0.7"
"HM_id_3130","movie_id_5537","1.0"
"HM_id_1949","movie_id_5141","1.0"
"HM_id_2718","movie_id_4196","0.7"
"HM_id_3251","movie_id_9448","0.7"
"HM_id_4096","movie_id_9640","1.0"
"HM_id_3437","movie_id_729","1.0"
"HM_id_1539","movie_id_387","1.0"
"HM_id_3744","movie_id_3162","1.0"
"HM_id_2535","movie_id_8192","1.0"
"HM_id_1531","movie_id_2651","1.0"
"HM_id_1984","movie_id_7108","1.0"
"HM_id_2374","movie_id_7502","1.0"
"HM_id_2782","movie_id_6538","1.0"
"HM_id_4497","movie_id_5344","1.0"
"HM_id_3569","movie_id_7542","1.0"
"HM_id_3839","movie_id_6845","1.0"
"HM_id_3932","movie_id_2116","1.0"
"HM_id_1344","movie_id_4071","1.0"
"HM_id_2196","movie_id_5284","0.8999999999999999"
"HM_id_2301","movie_id_392","1.0"
"HM_id_2803","movie_id_1539","1.0"
"HM_id_3586","movie_id_1107","1.0"
"HM_id_4302","movie_id_6342","1.0"
"HM_id_1169","movie_id_3685","1.0"
"HM_id_2856","movie_id_684","1.0"
"HM_id_4541","movie_id_8054","0.7"
"HM_id_1232","movie_id_8045","1.0"
"HM_id_3763","movie_id_1297","1.0"
"HM_id_2398","movie_id_3218","1.0"
"HM_id_1339","movie_id_7548","0.7"
"HM_id_2966","movie_id_1088","1.0"
"HM_id_3455","movie_id_1613","1.0"
"HM_id_4440","movie_id_5110","0.7"
"HM_id_2880","movie_id_4986","1.0"
"HM_id_4421","movie_id_8666","1.0"
"HM_id_3150","movie_id_606","1.0"
"HM_id_4184","movie_id_6676","1.0"
"HM_id_4303","movie_id_6533","1.0"
"HM_id_2378","movie_id_4871","1.0"
"HM_id_3907","movie_id_561","1.0"
"HM_id_4735","movie_id_4779","1.0"
"HM_id_1265","movie_id_4473","1.0"
"HM_id_2827","movie_id_348","1.0"
"HM_id_2451","movie_id_3499","1.0"
"HM_id_3687","movie_id_6435","1.0"
"HM_id_4012","movie_id_8342","0.7"
"HM_id_1697","movie_id_2462","1.0"
"HM_id_4492","movie_id_4955","0.7"
"HM_id_3769","movie_id_2811","1.0"
"HM_id_3706","movie_id_1005","1.0"
"HM_id_1741","movie_id_4922","1.0"
"HM_id_3734","movie_id_8294","1.0"
"HM_id_4182","movie_id_4235","0.7"
"HM_id_4709","movie_id_8474","1.0"
"HM_id_2977","movie_id_7485","1.0"
"HM_id_3066","movie_id_910","1.0"
"HM_id_3438","movie_id_712","1.0"
"HM_id_4022","movie_id_3929","1.0"
"HM_id_1242","movie_id_3195","1.0"
"HM_id_2940","movie_id_1291","1.0"
"HM_id_4335","movie_id_8214","1.0"
"HM_id_2722","movie_id_1453","1.0"
"HM_id_3238","movie_id_169","1.0"
"HM_id_3543","movie_id_1522","1.0"
"HM_id_2458","movie_id_8771","1.0"
"HM_id_2744","movie_id_9117","1.0"
"HM_id_3441","movie_id_4706","1.0"
"HM_id_3518","movie_id_6387","1.0"
"HM_id_2473","movie_id_3021","1.0"
"HM_id_2183","movie_id_7066","1.0"
"HM_id_4791","movie_id_6195","1.0"
"HM_id_3266","movie_id_5870","1.0"
"HM_id_4619","movie_id_7109","0.7"
"HM_id_2563","movie_id_6473","0.7"
"HM_id_2128","movie_id_5631","1.0"
"HM_id_3253","movie_id_1243","1.0"
"HM_id_2925","movie_id_1822","1.0"
"HM_id_2931","movie_id_5728","1.0"
"HM_id_4816","movie_id_1285","1.0"
"HM_id_4759","movie_id_3268","1.0"
"HM_id_4265","movie_id_982","1.0"
"HM_id_1847","movie_id_4854","1.0"
"HM_id_3870","movie_id_8387","0.7"
"HM_id_2657","movie_id_8525","1.0"
"HM_id_3903","movie_id_3467","0.7"
"HM_id_2530","movie_id_2812","1.0"
"HM_id_2942","movie_id_9148","0.7"
"HM_id_1852","movie_id_5108","1.0"
"HM_id_2495","movie_id_3224","1.0"
"HM_id_3971","movie_id_1749","1.0"
"HM_id_2344","movie_id_8455","1.0"
"HM_id_3366","movie_id_3395","1.0"
"HM_id_2488","movie_id_9218","1.0"
"HM_id_3309","movie_id_6865","1.0"
"HM_id_4306","movie_id_6467","1.0"
"HM_id_1872","movie_id_7283","1.0"
"HM_id_3373","movie_id_1803","1.0"
"HM_id_4570","movie_id_6048","1.0"
"HM_id_4032","movie_id_1488","1.0"
"HM_id_3990","movie_id_623","0.7"
"HM_id_4039","movie_id_2187","1.0"
"HM_id_2377","movie_id_6980","1.0"
"HM_id_1694","movie_id_9641","1.0"
"HM_id_2635","movie_id_180","1.0"
"HM_id_1985","movie_id_5845","1.0"
"HM_id_1160","movie_id_5611","1.0"
"HM_id_2116","movie_id_3538","1.0"
"HM_id_1762","movie_id_4285","1.0"
"HM_id_2712","movie_id_1055","1.0"
"HM_id_1447","movie_id_1452","1.0"
"HM_id_2143","movie_id_774","1.0"
"HM_id_2746","movie_id_5116","1.0"
"HM_id_3304","movie_id_4205","1.0"
"HM_id_2115","movie_id_3647","1.0"
"HM_id_3308","movie_id_4209","1.0"
"HM_id_1258","movie_id_6827","1.0"
"HM_id_1546","movie_id_1144","1.0"
"HM_id_3273","movie_id_8778","1.0"
"HM_id_2967","movie_id_1737","1.0"
"HM_id_3206","movie_id_2514","1.0"
"HM_id_4711","movie_id_1557","1.0"
"HM_id_2603","movie_id_2489","1.0"
"HM_id_4023","movie_id_2280","1.0"
"HM_id_3231","movie_id_147","0.825"
"HM_id_2877","movie_id_2132","1.0"
"HM_id_3868","movie_id_459","1.0"
"HM_id_2981","movie_id_6103","1.0"
"HM_id_2446","movie_id_6695","1.0"
"HM_id_3906","movie_id_1818","1.0"
"HM_id_4699","movie_id_3080","1.0"
"HM_id_4091","movie_id_5539","1.0"
"HM_id_4158","movie_id_5913","0.7"
"HM_id_3994","movie_id_8827","1.0"
"HM_id_1584","movie_id_4988","1.0"
"HM_id_2251","movie_id_4913","1.0"
"HM_id_1592","movie_id_9405","1.0"
"HM_id_4072","movie_id_8324","1.0"
"HM_id_3012","movie_id_6412","1.0"
"HM_id_3765","movie_id_1053","1.0"
"HM_id_1749","movie_id_846","1.0"
"HM_id_1961","movie_id_5968","1.0"
"HM_id_2650","movie_id_1427","1.0"
"HM_id_3729","movie_id_4620","1.0"
"HM_id_3425","movie_id_930","1.0"
"HM_id_2821","movie_id_3044","1.0"
"HM_id_2993","movie_id_3231","1.0"
"HM_id_3407","movie_id_4352","1.0"
"HM_id_4415","movie_id_4819","1.0"
"HM_id_3944","movie_id_4611","1.0"
"HM_id_1466","movie_id_3898","1.0"
"HM_id_2302","movie_id_670","1.0"
"HM_id_3567","movie_id_9208","1.0"
"HM_id_1544","movie_id_9742","1.0"
"HM_id_1327","movie_id_5833","1.0"
"HM_id_3476","movie_id_6800","0.7"
"HM_id_1368","movie_id_5815","1.0"
"HM_id_2997","movie_id_594","1.0"
"HM_id_2526","movie_id_2511","1.0"
"HM_id_1144","movie_id_907","1.0"
"HM_id_2988","movie_id_2905","1.0"
"HM_id_2290","movie_id_9599","1.0"
"HM_id_3187","movie_id_710","1.0"
"HM_id_1116","movie_id_2709","1.0"
"HM_id_1663","movie_id_8058","1.0"
"HM_id_1876","movie_id_5841","0.7"
"HM_id_2229","movie_id_299","1.0"
"HM_id_2130","movie_id_1947","1.0"
"HM_id_4483","movie_id_8501","1.0"
"HM_id_4808","movie_id_3823","1.0"
"HM_id_2927","movie_id_1985","1.0"
"HM_id_2960","movie_id_2272","1.0"
"HM_id_2360","movie_id_3312","1.0"
"HM_id_2283","movie_id_2290","1.0"
"HM_id_3175","movie_id_2635","1.0"
"HM_id_2072","movie_id_7851","1.0"
"HM_id_1380","movie_id_4818","0.7"
"HM_id_2068","movie_id_345","0.7"
"HM_id_1830","movie_id_4539","1.0"
"HM_id_2484","movie_id_3345","1.0"
"HM_id_3611","movie_id_3707","1.0"
"HM_id_4005","movie_id_341","1.0"
"HM_id_1610","movie_id_7498","1.0"
"HM_id_3309","movie_id_6754","0.7"
"HM_id_1299","movie_id_4057","1.0"
"HM_id_1395","movie_id_1926","1.0"
"HM_id_1244","movie_id_4261","1.0"
"HM_id_3953","movie_id_3439","1.0"
"HM_id_2134","movie_id_1833","0.7"
"HM_id_2085","movie_id_9425","0.7"
"HM_id_1439","movie_id_483","1.0"
"HM_id_2331","movie_id_3554","0.7"
"HM_id_4484","movie_id_2668","1.0"
"HM_id_3196","movie_id_4642","1.0"
"HM_id_1210","movie_id_3075","1.0"
"HM_id_1079","movie_id_4669","0.7"
"HM_id_3877","movie_id_761","1.0"
"HM_id_3669","movie_id_8695","1.0"
"HM_id_3809","movie_id_4377","1.0"
"HM_id_3259","movie_id_2152","1.0"
"HM_id_2461","movie_id_495","1.0"
"HM_id_3108","movie_id_1494","1.0"
"HM_id_1924","movie_id_3011","1.0"
"HM_id_2576","movie_id_5044","1.0"
"HM_id_1719","movie_id_6747","1.0"
"HM_id_2513","movie_id_7391","1.0"
"HM_id_2021","movie_id_7023","1.0"
"HM_id_1956","movie_id_7201","1.0"
"HM_id_1451","movie_id_4318","1.0"
"HM_id_2387","movie_id_6638","1.0"
"HM_id_2964","movie_id_3186","1.0"
"HM_id_1804","movie_id_6026","1.0"
"HM_id_3848","movie_id_701","1.0"
"HM_id_3015","movie_id_1691","1.0"
"HM_id_4211","movie_id_1248","1.0"
"HM_id_3460","movie_id_5062","1.0"
"HM_id_2758","movie_id_6127","1.0"
"HM_id_1237","movie_id_9815","1.0"
"HM_id_4769","movie_id_5973","0.7"
"HM_id_3924","movie_id_4123","1.0"
"HM_id_2556","movie_id_2507","1.0"
"HM_id_2416","movie_id_7193","0.7"
"HM_id_4490","movie_id_2676","1.0"
"HM_id_3331","movie_id_6089","1.0"
"HM_id_3337","movie_id_3191","1.0"
"HM_id_4724","movie_id_5237","1.0"
"HM_id_2848","movie_id_990","1.0"
"HM_id_4217","movie_id_1328","0.7"
"HM_id_2503","movie_id_8953","0.7"
"HM_id_2255","movie_id_2657","1.0"
"HM_id_3371","movie_id_2927","1.0"
"HM_id_4803","movie_id_8034","1.0"
"HM_id_3723","movie_id_1527","1.0"
"HM_id_3453","movie_id_4825","1.0"
"HM_id_2748","movie_id_1288","1.0"
"HM_id_2706","movie_id_4251","1.0"
"HM_id_3053","movie_id_7093","1.0"
"HM_id_3138","movie_id_1588","1.0"
"HM_id_1037","movie_id_4247","1.0"
"HM_id_4190","movie_id_919","1.0"
"HM_id_4065","movie_id_9687","1.0"
"HM_id_1643","movie_id_1074","1.0"
"HM_id_2665","movie_id_1855","1.0"
"HM_id_1586","movie_id_3431","1.0"
"HM_id_3300","movie_id_1529","1.0"
"HM_id_1441","movie_id_516","1.0"
"HM_id_3546","movie_id_1265","1.0"
"HM_id_1621","movie_id_575","1.0"
"HM_id_2860","movie_id_6369","1.0"
"HM_id_3905","movie_id_7441","1.0"
"HM_id_2253","movie_id_527","1.0"
"HM_id_3170","movie_id_1235","1.0"
"HM_id_3781","movie_id_22","0.7"
"HM_id_3610","movie_id_246","1.0"
"HM_id_2383","movie_id_6732","0.7"
"HM_id_2695","movie_id_4801","1.0"
"HM_id_2565","movie_id_541","1.0"
"HM_id_2728","movie_id_4806","1.0"
"HM_id_3149","movie_id_390","1.0"
"HM_id_3456","movie_id_9823","1.0"
"HM_id_2985","movie_id_7496","1.0"
"HM_id_2876","movie_id_1362","1.0"
"HM_id_4078","movie_id_3004","1.0"
"HM_id_1683","movie_id_9512","1.0"
"HM_id_3391","movie_id_8358","1.0"
"HM_id_1035","movie_id_2235","1.0"
"HM_id_2623","movie_id_934","1.0"
"HM_id_4313","movie_id_1352","1.0"
"HM_id_1941","movie_id_5891","1.0"
"HM_id_2686","movie_id_3812","1.0"
"HM_id_1543","movie_id_4122","1.0"
"HM_id_1355","movie_id_449","1.0"
"HM_id_3768","movie_id_7285","1.0"
"HM_id_2973","movie_id_5065","1.0"
"HM_id_2496","movie_id_3573","1.0"
"HM_id_1709","movie_id_1478","1.0"
"HM_id_4870","movie_id_8638","1.0"
"HM_id_1421","movie_id_2884","1.0"
"HM_id_4263","movie_id_1845","1.0"
"HM_id_4087","movie_id_5138","1.0"
"HM_id_3948","movie_id_1033","1.0"
"HM_id_3343","movie_id_427","1.0"
"HM_id_2402","movie_id_6409","1.0"
"HM_id_2521","movie_id_875","0.7666666666666666"
"HM_id_3917","movie_id_2002","1.0"
"HM_id_2181","movie_id_2296","1.0"
"HM_id_4598","movie_id_9146","1.0"
"HM_id_2705","movie_id_3053","1.0"
"HM_id_3320","movie_id_5805","1.0"
"HM_id_2552","movie_id_4381","0.7"
"HM_id_1341","movie_id_887","1.0"
"HM_id_3436","movie_id_4730","1.0"
"HM_id_4060","movie_id_4573","1.0"
"HM_id_2757","movie_id_5685","1.0"
"HM_id_4577","movie_id_5496","0.7"
"HM_id_3534","movie_id_5871","1.0"
"HM_id_3216","movie_id_3932","1.0"
"HM_id_4510","movie_id_8909","1.0"
"HM_id_3969","movie_id_5312","1.0"
"HM_id_1268","movie_id_8697","1.0"
"HM_id_4150","movie_id_7696","1.0"
"HM_id_1576","movie_id_4248","1.0"
"HM_id_3298","movie_id_173","1.0"
"HM_id_1724","movie_id_1523","1.0"
"HM_id_1562","movie_id_2102","1.0"
"HM_id_4804","movie_id_2492","1.0"
"HM_id_4766","movie_id_3888","1.0"
"HM_id_2416","movie_id_1639","1.0"
"HM_id_4191","movie_id_2793","1.0"
"HM_id_1411","movie_id_804","1.0"
"HM_id_2529","movie_id_858","1.0"
"HM_id_3251","movie_id_4698","1.0"
"HM_id_4834","movie_id_7771","1.0"
"HM_id_3915","movie_id_5269","1.0"
"HM_id_4248","movie_id_4644","1.0"
"HM_id_3541","movie_id_6952","1.0"
"HM_id_2323","movie_id_4487","1.0"
"HM_id_3887","movie_id_852","1.0"
"HM_id_2497","movie_id_8654","1.0"
"HM_id_4487","movie_id_7204","0.7"
"HM_id_1295","movie_id_3058","1.0"
"HM_id_3784","movie_id_7011","1.0"
"HM_id_2227","movie_id_8763","1.0"
"HM_id_2557","movie_id_3947","1.0"
"HM_id_3663","movie_id_7666","1.0"
"HM_id_1453","movie_id_3548","1.0"
"HM_id_2884","movie_id_7786","1.0"
"HM_id_3026","movie_id_735","1.0"
"HM_id_2797","movie_id_605","1.0"
"HM_id_3422","movie_id_945","1.0"
"HM_id_3368","movie_id_1403","1.0"
"HM_id_3941","movie_id_4402","1.0"
"HM_id_3380","movie_id_4101","1.0"
"HM_id_1276","movie_id_2383","1.0"
"HM_id_1267","movie_id_9027","1.0"
"HM_id_1360","movie_id_345","1.0"
"HM_id_2023","movie_id_442","1.0"
"HM_id_4593","movie_id_5345","1.0"
"HM_id_2316","movie_id_3188","1.0"
"HM_id_3351","movie_id_9020","0.7"
"HM_id_2901","movie_id_1834","1.0"
"HM_id_3665","movie_id_9553","1.0"
"HM_id_1371","movie_id_5460","1.0"
"HM_id_2599","movie_id_6780","1.0"
"HM_id_3939","movie_id_271","1.0"
"HM_id_3684","movie_id_8546","1.0"
"HM_id_2027","movie_id_544","1.0"
"HM_id_4395","movie_id_2192","0.7"
"HM_id_2384","movie_id_2863","1.0"
"HM_id_3411","movie_id_4425","1.0"
"HM_id_2496","movie_id_7740","0.7"
"HM_id_3202","movie_id_3691","1.0"
"HM_id_4793","movie_id_7184","1.0"
"HM_id_4393","movie_id_6901","1.0"
"HM_id_4170","movie_id_5893","1.0"
"HM_id_2350","movie_id_2972","1.0"
"HM_id_3865","movie_id_641","1.0"
"HM_id_2195","movie_id_7694","1.0"
"HM_id_1529","movie_id_1916","1.0"
"HM_id_2912","movie_id_2418","1.0"
"HM_id_3774","movie_id_4296","1.0"
"HM_id_2930","movie_id_3293","1.0"
"HM_id_3029","movie_id_1596","1.0"
"HM_id_2656","movie_id_2889","1.0"
"HM_id_4554","movie_id_3065","1.0"
"HM_id_3660","movie_id_5104","1.0"
"HM_id_2352","movie_id_1358","1.0"
"HM_id_2811","movie_id_1073","1.0"
"HM_id_4566","movie_id_7385","1.0"
"HM_id_2929","movie_id_5865","1.0"
"HM_id_1041","movie_id_5941","1.0"
"HM_id_3142","movie_id_9515","1.0"
"HM_id_1964","movie_id_3200","1.0"
"HM_id_3037","movie_id_721","1.0"
"HM_id_2486","movie_id_2352","1.0"
"HM_id_3969","movie_id_4058","0.7"
"HM_id_2702","movie_id_1056","1.0"
"HM_id_4097","movie_id_5445","1.0"
"HM_id_2365","movie_id_4780","1.0"
"HM_id_2877","movie_id_6961","0.7"
"HM_id_4331","movie_id_1643","1.0"
"HM_id_1032","movie_id_7824","1.0"
"HM_id_3220","movie_id_699","0.7"
"HM_id_2770","movie_id_4527","1.0"
"HM_id_1756","movie_id_2974","1.0"
"HM_id_1231","movie_id_6870","1.0"
"HM_id_2029","movie_id_309","1.0"
"HM_id_3393","movie_id_1509","1.0"
"HM_id_3861","movie_id_5985","1.0"
"HM_id_1650","movie_id_5491","1.0"
"HM_id_1788","movie_id_3226","1.0"
"HM_id_1172","movie_id_2619","1.0"
"HM_id_1005","movie_id_4571","1.0"
"HM_id_3461","movie_id_602","1.0"
"HM_id_1772","movie_id_1683","1.0"
"HM_id_3432","movie_id_2839","1.0"
"HM_id_3605","movie_id_1853","1.0"
"HM_id_3666","movie_id_2085","1.0"
"HM_id_1653","movie_id_7787","0.7"
"HM_id_2009","movie_id_1966","1.0"
"HM_id_2254","movie_id_2712","1.0"
"HM_id_3923","movie_id_2494","1.0"
"HM_id_4112","movie_id_944","1.0"
"HM_id_1790","movie_id_3398","1.0"
"HM_id_1603","movie_id_5415","1.0"
"HM_id_4114","movie_id_1543","1.0"
"HM_id_4530","movie_id_2036","1.0"
"HM_id_2892","movie_id_1290","1.0"
"HM_id_3338","movie_id_4722","1.0"
"HM_id_3826","movie_id_2517","0.7"
"HM_id_1184","movie_id_542","1.0"
"HM_id_2537","movie_id_7658","1.0"
"HM_id_3262","movie_id_6373","1.0"
"HM_id_3325","movie_id_3447","1.0"
"HM_id_2143","movie_id_6624","0.7"
"HM_id_1066","movie_id_5081","1.0"
"HM_id_2304","movie_id_1340","1.0"
"HM_id_3249","movie_id_360","1.0"
"HM_id_2256","movie_id_2800","1.0"
"HM_id_3365","movie_id_7644","1.0"
"HM_id_2942","movie_id_7894","1.0"
"HM_id_2682","movie_id_4966","1.0"
"HM_id_1462","movie_id_7051","1.0"
"HM_id_2367","movie_id_1806","1.0"
"HM_id_2531","movie_id_1431","1.0"
"HM_id_3121","movie_id_9593","1.0"
"HM_id_3313","movie_id_3569","1.0"
"HM_id_3949","movie_id_8166","1.0"
"HM_id_4660","movie_id_7653","0.7"
"HM_id_4038","movie_id_8104","1.0"
"HM_id_2936","movie_id_2951","1.0"
"HM_id_1215","movie_id_4536","1.0"
"HM_id_4620","movie_id_2410","1.0"
"HM_id_4812","movie_id_4665","0.7"
"HM_id_3758","movie_id_1622","0.7"
"HM_id_3599","movie_id_8393","1.0"
"HM_id_2474","movie_id_3030","0.7"
"HM_id_1429","movie_id_472","1.0"
"HM_id_3198","movie_id_632","1.0"
"HM_id_2434","movie_id_3430","1.0"
"HM_id_2043","movie_id_4257","1.0"
"HM_id_1114","movie_id_2440","1.0"
"HM_id_1435","movie_id_2608","0.7"
"HM_id_3817","movie_id_9296","1.0"
"HM_id_3672","movie_id_3680","1.0"
"HM_id_3252","movie_id_1050","1.0"
"HM_id_3759","movie_id_1679","1.0"
"HM_id_3242","movie_id_6169","1.0"
"HM_id_1907","movie_id_6037","1.0"
"HM_id_3708","movie_id_5617","1.0"
"HM_id_2241","movie_id_2648","1.0"
"HM_id_4589","movie_id_9236","0.7"
"HM_id_2751","movie_id_642","1.0"
"HM_id_2766","movie_id_8672","1.0"
"HM_id_2562","movie_id_3540","1.0"
"HM_id_1403","movie_id_2394","1.0"
"HM_id_2050","movie_id_4374","1.0"
"HM_id_3165","movie_id_3869","1.0"
"HM_id_2146","movie_id_2316","1.0"
"HM_id_2244","movie_id_4519","1.0"
"HM_id_2277","movie_id_9807","1.0"
"HM_id_3549","movie_id_586","1.0"
"HM_id_2167","movie_id_4229","1.0"
"HM_id_4343","movie_id_8380","1.0"
"HM_id_2783","movie_id_329","1.0"
"HM_id_1775","movie_id_6957","1.0"
"HM_id_4673","movie_id_2595","1.0"
"HM_id_2441","movie_id_5983","1.0"
"HM_id_1558","movie_id_143","0.7"
"HM_id_3166","movie_id_581","1.0"
"HM_id_3388","movie_id_4587","1.0"
"HM_id_1908","movie_id_1650","1.0"
"HM_id_2415","movie_id_3555","1.0"
"HM_id_2118","movie_id_885","1.0"
"HM_id_1932","movie_id_4040","1.0"
"HM_id_2539","movie_id_5928","1.0"
"HM_id_4828","movie_id_1278","1.0"
"HM_id_4017","movie_id_2179","1.0"
"HM_id_1221","movie_id_171","1.0"
"HM_id_3694","movie_id_744","1.0"
"HM_id_1346","movie_id_7382","0.72"
"HM_id_3777","movie_id_3782","1.0"
"HM_id_4283","movie_id_9632","1.0"
"HM_id_2887","movie_id_791","1.0"
"HM_id_4817","movie_id_1399","1.0"
"HM_id_3036","movie_id_2737","1.0"
"HM_id_2939","movie_id_207","1.0"
"HM_id_4081","movie_id_2091","1.0"
"HM_id_2978","movie_id_1430","1.0"
"HM_id_3960","movie_id_1663","1.0"
"HM_id_3928","movie_id_686","1.0"
"HM_id_3958","movie_id_4928","1.0"
"HM_id_1259","movie_id_3653","1.0"
"HM_id_1604","movie_id_1851","1.0"
"HM_id_4802","movie_id_1268","1.0"
"HM_id_4173","movie_id_5488","1.0"
"HM_id_3656","movie_id_7477","1.0"
"HM_id_3847","movie_id_5082","1.0"
"HM_id_2157","movie_id_2656","1.0"
"HM_id_2124","movie_id_5986","1.0"
"HM_id_3013","movie_id_2832","1.0"
"HM_id_2793","movie_id_3528","1.0"
"HM_id_3985","movie_id_5092","1.0"
"HM_id_1903","movie_id_8655","1.0"
"HM_id_3419","movie_id_8167","1.0"
"HM_id_1525","movie_id_9326","0.7"
"HM_id_2499","movie_id_363","1.0"
"HM_id_2509","movie_id_895","1.0"
"HM_id_2580","movie_id_4056","1.0"
"HM_id_4565","movie_id_3784","1.0"
"HM_id_3281","movie_id_4505","1.0"
"HM_id_2355","movie_id_379","1.0"
"HM_id_3051","movie_id_6208","1.0"
"HM_id_4176","movie_id_2221","1.0"
"HM_id_3211","movie_id_2159","1.0"
"HM_id_3405","movie_id_1690","1.0"
"HM_id_2549","movie_id_4973","1.0"
"HM_id_3537","movie_id_8133","1.0"
"HM_id_3712","movie_id_8417","1.0"
"HM_id_3492","movie_id_1131","1.0"
"HM_id_1225","movie_id_2544","1.0"
"HM_id_2223","movie_id_6190","1.0"
"HM_id_2314","movie_id_7643","0.7"
"HM_id_3279","movie_id_2356","1.0"
"HM_id_2694","movie_id_4747","1.0"
"HM_id_4019","movie_id_3318","1.0"
"HM_id_2749","movie_id_1164","1.0"
"HM_id_1472","movie_id_7940","1.0"
"HM_id_1755","movie_id_3961","1.0"
"HM_id_4139","movie_id_4217","1.0"
"HM_id_3071","movie_id_1621","1.0"
"HM_id_2176","movie_id_4239","1.0"
"HM_id_3449","movie_id_2419","1.0"
"HM_id_3087","movie_id_1763","1.0"
"HM_id_3668","movie_id_2210","1.0"
"HM_id_4810","movie_id_661","1.0"
"HM_id_4291","movie_id_4368","1.0"
"HM_id_2570","movie_id_6679","1.0"
"HM_id_4638","movie_id_9803","1.0"
"HM_id_3039","movie_id_7907","0.7"
"HM_id_1680","movie_id_7365","1.0"
"HM_id_3871","movie_id_1386","1.0"
"HM_id_2317","movie_id_4488","0.7"
"HM_id_3965","movie_id_4937","1.0"
"HM_id_4007","movie_id_8329","1.0"
"HM_id_3681","movie_id_5937","1.0"
"HM_id_2216","movie_id_3063","1.0"
"HM_id_2620","movie_id_1625","1.0"
"HM_id_2514","movie_id_1317","1.0"
"HM_id_2868","movie_id_7520","1.0"
"HM_id_2804","movie_id_1237","1.0"
"HM_id_3041","movie_id_3985","1.0"
"HM_id_2442","movie_id_6468","1.0"
"HM_id_4006","movie_id_3830","0.7"
"HM_id_3178","movie_id_1819","1.0"
"HM_id_2633","movie_id_549","1.0"
"HM_id_3689","movie_id_8586","1.0"
"HM_id_2464","movie_id_682","1.0"
"HM_id_2270","movie_id_5956","1.0"
"HM_id_3220","movie_id_915","1.0"
"HM_id_2765","movie_id_3094","1.0"
"HM_id_4268","movie_id_4656","0.7"
"HM_id_3992","movie_id_1328","1.0"
"HM_id_1554","movie_id_797","1.0"
"HM_id_2743","movie_id_2381","0.7"
"HM_id_4284","movie_id_7531","1.0"
"HM_id_4781","movie_id_9601","1.0"
"HM_id_2228","movie_id_6388","1.0"
"HM_id_1501","movie_id_2573","0.7"
"HM_id_2822","movie_id_1483","1.0"
"HM_id_4069","movie_id_1463","1.0"
"HM_id_4276","movie_id_4428","1.0"
"HM_id_2548","movie_id_5304","1.0"
"HM_id_2641","movie_id_1753","1.0"
"HM_id_2159","movie_id_8711","1.0"
"HM_id_3738","movie_id_1786","1.0"
"HM_id_2627","movie_id_5691","1.0"
"HM_id_1296","movie_id_5919","1.0"
"HM_id_2745","movie_id_7049","1.0"
"HM_id_2753","movie_id_8805","1.0"
"HM_id_2701","movie_id_4250","1.0"
"HM_id_1659","movie_id_1434","1.0"
"HM_id_3662","movie_id_5917","1.0"
"HM_id_2457","movie_id_4444","1.0"
"HM_id_3000","movie_id_1404","1.0"
"HM_id_4151","movie_id_4792","1.0"
"HM_id_3773","movie_id_5454","1.0"
"HM_id_2399","movie_id_8927","1.0"
"HM_id_1377","movie_id_509","1.0"
"HM_id_3274","movie_id_2372","0.7"
"HM_id_2391","movie_id_8649","1.0"
"HM_id_4185","movie_id_1267","1.0"
"HM_id_1727","movie_id_2747","1.0"
"HM_id_3981","movie_id_2005","1.0"
"HM_id_1475","movie_id_2921","1.0"
"HM_id_2951","movie_id_4102","1.0"
"HM_id_3362","movie_id_8320","1.0"
"HM_id_1740","movie_id_5978","0.7"
"HM_id_3399","movie_id_7778","0.7"
"HM_id_1512","movie_id_3169","1.0"
"HM_id_2506","movie_id_7715","1.0"
"HM_id_1353","movie_id_5931","1.0"
"HM_id_2612","movie_id_3837","1.0"
"HM_id_3357","movie_id_8733","1.0"
"HM_id_1393","movie_id_2045","0.7"
"HM_id_2947","movie_id_843","1.0"
"HM_id_1387","movie_id_1579","1.0"
"HM_id_2536","movie_id_8306","1.0"
"HM_id_3435","movie_id_3705","1.0"
"HM_id_3976","movie_id_5714","1.0"
"HM_id_1898","movie_id_8539","1.0"
"HM_id_1482","movie_id_3403","1.0"
"HM_id_2081","movie_id_5352","1.0"
"HM_id_1118","movie_id_848","1.0"
"HM_id_2543","movie_id_2545","1.0"
"HM_id_3341","movie_id_5651","0.7"
"HM_id_2414","movie_id_408","1.0"
"HM_id_3750","movie_id_3453","1.0"
"HM_id_1922","movie_id_9131","0.7"
"HM_id_2437","movie_id_4782","0.7"
"HM_id_3118","movie_id_292","1.0"
"HM_id_1506","movie_id_1232","1.0"
"HM_id_2175","movie_id_4443","1.0"
"HM_id_4034","movie_id_3001","1.0"
"HM_id_2807","movie_id_1438","1.0"
"HM_id_3952","movie_id_2716","1.0"
"HM_id_2338","movie_id_162","1.0"
"HM_id_1732","movie_id_7731","1.0"
"HM_id_1031","movie_id_7924","0.7"
"HM_id_2919","movie_id_8591","1.0"
"HM_id_2429","movie_id_5955","1.0"
"HM_id_2680","movie_id_1036","1.0"
"HM_id_1489","movie_id_7063","1.0"
"HM_id_2841","movie_id_5395","1.0"
"HM_id_2008","movie_id_1754","1.0"
"HM_id_2687","movie_id_6976","1.0"
"HM_id_1158","movie_id_9108","1.0"
"HM_id_3792","movie_id_2804","1.0"
"HM_id_2351","movie_id_1811","1.0"
"HM_id_4836","movie_id_9578","1.0"
"HM_id_3093","movie_id_3767","1.0"
"HM_id_3167","movie_id_450","1.0"
"HM_id_2460","movie_id_1072","1.0"
"HM_id_2266","movie_id_2735","1.0"
"HM_id_2843","movie_id_1363","1.0"
"HM_id_4012","movie_id_2541","1.0"
"HM_id_2767","movie_id_8694","1.0"
"HM_id_2257","movie_id_4748","1.0"
"HM_id_1962","movie_id_7084","0.7"
"HM_id_2263","movie_id_4548","1.0"
"HM_id_4502","movie_id_6228","1.0"
"HM_id_3172","movie_id_9184","1.0"
"HM_id_2621","movie_id_4903","1.0"
"HM_id_2710","movie_id_1390","1.0"
"HM_id_2594","movie_id_5310","1.0"
"HM_id_3415","movie_id_1821","1.0"
"HM_id_2264","movie_id_2823","1.0"
"HM_id_3930","movie_id_2734","1.0"
"HM_id_3914","movie_id_1060","1.0"
"HM_id_4314","movie_id_570","1.0"
"HM_id_2274","movie_id_2621","1.0"
"HM_id_2494","movie_id_687","1.0"
"HM_id_4317","movie_id_7021","1.0"
"HM_id_4196","movie_id_6357","0.7"
"HM_id_4371","movie_id_1678","1.0"
"HM_id_2329","movie_id_3420","1.0"
"HM_id_1856","movie_id_4920","1.0"
"HM_id_4135","movie_id_3513","1.0"
"HM_id_3867","movie_id_1666","1.0"
"HM_id_2569","movie_id_3710","1.0"
"HM_id_2859","movie_id_2895","1.0"
"HM_id_2353","movie_id_489","1.0"
"HM_id_2403","movie_id_2446","1.0"
"HM_id_2120","movie_id_3201","1.0"
"HM_id_3124","movie_id_455","1.0"
"HM_id_3883","movie_id_2353","1.0"
"HM_id_2436","movie_id_3466","1.0"
"HM_id_2844","movie_id_4598","1.0"
"HM_id_4710","movie_id_2822","1.0"
"HM_id_2055","movie_id_8620","1.0"
"HM_id_4053","movie_id_6011","0.7"
"HM_id_2955","movie_id_4327","1.0"
"HM_id_4635","movie_id_5936","1.0"
"HM_id_1670","movie_id_7793","1.0"
"HM_id_1063","movie_id_4627","1.0"
"HM_id_1493","movie_id_3139","0.7"
"HM_id_2468","movie_id_7105","1.0"
"HM_id_1764","movie_id_2996","1.0"
"HM_id_2883","movie_id_6021","1.0"
"HM_id_2011","movie_id_1892","1.0"
"HM_id_3236","movie_id_263","1.0"
"HM_id_2470","movie_id_2392","1.0"
"HM_id_1760","movie_id_2454","1.0"
"HM_id_3414","movie_id_3529","1.0"
"HM_id_2902","movie_id_603","1.0"
"HM_id_1971","movie_id_5806","1.0"
"HM_id_3303","movie_id_4205","0.7"
"HM_id_4416","movie_id_5763","0.7"
"HM_id_4171","movie_id_2818","1.0"
"HM_id_3706","movie_id_779","0.7"
"HM_id_3205","movie_id_2654","1.0"
"HM_id_3250","movie_id_2390","1.0"
"HM_id_2777","movie_id_5083","1.0"
"HM_id_2971","movie_id_3210","1.0"
"HM_id_2802","movie_id_273","1.0"
"HM_id_3642","movie_id_1271","1.0"
"HM_id_4521","movie_id_9431","0.7"
"HM_id_3235","movie_id_194","1.0"
"HM_id_3524","movie_id_7262","1.0"
"HM_id_4472","movie_id_7608","1.0"
"HM_id_4424","movie_id_1792","1.0"
"HM_id_2156","movie_id_4128","1.0"
"HM_id_3038","movie_id_3739","1.0"
"HM_id_3058","movie_id_7192","1.0"
"HM_id_3735","movie_id_9701","1.0"
"HM_id_2300","movie_id_1062","1.0"
"HM_id_3141","movie_id_6814","1.0"
"HM_id_4872","movie_id_2728","0.7"
"HM_id_4245","movie_id_3633","1.0"
"HM_id_2941","movie_id_5542","1.0"
"HM_id_1657","movie_id_9304","1.0"
"HM_id_4699","movie_id_4656","0.7"
"HM_id_3463","movie_id_1963","1.0"
"HM_id_1887","movie_id_7083","1.0"
"HM_id_3254","movie_id_6177","1.0"
"HM_id_4499","movie_id_5484","1.0"
"HM_id_4799","movie_id_5607","1.0"
"HM_id_3742","movie_id_6013","0.7"
"HM_id_2826","movie_id_297","1.0"
"HM_id_1281","movie_id_1914","1.0"
"HM_id_4321","movie_id_4508","1.0"
"HM_id_3535","movie_id_7475","1.0"
"HM_id_2965","movie_id_4220","1.0"
"HM_id_4182","movie_id_573","1.0"
"HM_id_3248","movie_id_5220","1.0"
"HM_id_2659","movie_id_2723","1.0"
"HM_id_2422","movie_id_396","1.0"
"HM_id_1282","movie_id_2707","1.0"
"HM_id_3612","movie_id_5458","1.0"
"HM_id_3006","movie_id_356","1.0"
"HM_id_2622","movie_id_1636","1.0"
"HM_id_3714","movie_id_6755","1.0"
"HM_id_3938","movie_id_3594","1.0"
"HM_id_4252","movie_id_9836","1.0"
"HM_id_2593","movie_id_8786","1.0"
"HM_id_2904","movie_id_2738","1.0"
"HM_id_1358","movie_id_2958","1.0"
"HM_id_3984","movie_id_7953","0.7"
"HM_id_2224","movie_id_2835","1.0"
"HM_id_4840","movie_id_6398","1.0"
"HM_id_1175","movie_id_9059","1.0"
"HM_id_3117","movie_id_2351","1.0"
"HM_id_1824","movie_id_3092","1.0"
"HM_id_1456","movie_id_5719","1.0"
"HM_id_3830","movie_id_306","1.0"
"HM_id_1372","movie_id_5346","1.0"
"HM_id_1563","movie_id_5384","1.0"
"HM_id_1229","movie_id_1862","1.0"
"HM_id_3647","movie_id_5421","1.0"
"HM_id_2698","movie_id_1357","1.0"
"HM_id_2626","movie_id_2076","1.0"
"HM_id_2141","movie_id_3500","1.0"
"HM_id_3088","movie_id_2669","1.0"
"HM_id_3590","movie_id_4544","1.0"
"HM_id_3514","movie_id_9266","1.0"
"HM_id_1978","movie_id_8908","1.0"
"HM_id_1660","movie_id_3380","1.0"
"HM_id_3546","movie_id_4709","0.7"
"HM_id_4166","movie_id_1368","1.0"
"HM_id_3070","movie_id_2349","1.0"
"HM_id_4607","movie_id_8938","1.0"
"HM_id_1379","movie_id_2567","1.0"
"HM_id_4155","movie_id_1231","1.0"
"HM_id_2660","movie_id_7438","1.0"
"HM_id_4021","movie_id_5003","1.0"
"HM_id_1731","movie_id_7854","1.0"
"HM_id_3863","movie_id_2237","1.0"
"HM_id_3876","movie_id_1896","1.0"
"HM_id_3190","movie_id_5019","0.7"
"HM_id_3596","movie_id_888","1.0"
"HM_id_3532","movie_id_697","1.0"
"HM_id_1624","movie_id_1412","1.0"
"HM_id_3563","movie_id_3857","1.0"
"HM_id_4801","movie_id_2278","1.0"
"HM_id_3201","movie_id_8015","1.0"
"HM_id_3376","movie_id_4237","1.0"
"HM_id_3644","movie_id_3793","1.0"
"HM_id_1109","movie_id_857","1.0"
"HM_id_3399","movie_id_926","1.0"
"HM_id_2813","movie_id_6554","1.0"
"HM_id_2010","movie_id_2597","1.0"
"HM_id_4557","movie_id_4320","1.0"
"HM_id_1602","movie_id_832","1.0"
"HM_id_2789","movie_id_1810","1.0"
"HM_id_3519","movie_id_8840","1.0"
"HM_id_3587","movie_id_9806","1.0"
"HM_id_1927","movie_id_1025","1.0"
"HM_id_4505","movie_id_6989","1.0"
"HM_id_2340","movie_id_961","1.0"
"HM_id_3507","movie_id_4763","1.0"
"HM_id_2587","movie_id_5565","1.0"
"HM_id_3148","movie_id_2593","1.0"
"HM_id_2393","movie_id_434","1.0"
"HM_id_2721","movie_id_7592","1.0"
"HM_id_4380","movie_id_4215","1.0"
"HM_id_2437","movie_id_1254","1.0"
"HM_id_1455","movie_id_1219","1.0"
"HM_id_3136","movie_id_790","1.0"
"HM_id_3667","movie_id_1709","1.0"
"HM_id_3285","movie_id_8148","0.7"
"HM_id_3818","movie_id_8450","0.7"
"HM_id_4275","movie_id_8714","1.0"
"HM_id_1488","movie_id_2083","1.0"
"HM_id_2193","movie_id_3346","0.7"
"HM_id_1159","movie_id_4466","1.0"
"HM_id_1120","movie_id_1719","1.0"
"HM_id_1305","movie_id_3836","1.0"
"HM_id_2382","movie_id_6616","1.0"
"HM_id_3061","movie_id_1015","1.0"
"HM_id_4496","movie_id_7072","0.7"
"HM_id_2063","movie_id_598","1.0"
"HM_id_3487","movie_id_978","1.0"
"HM_id_2558","movie_id_1039","1.0"
"HM_id_3383","movie_id_4684","1.0"
"HM_id_4488","movie_id_466","1.0"
"HM_id_1874","movie_id_800","1.0"
"HM_id_1469","movie_id_5729","1.0"
"HM_id_3135","movie_id_471","1.0"
"HM_id_4203","movie_id_5627","1.0"
"HM_id_3447","movie_id_9491","1.0"
"HM_id_2432","movie_id_5000","1.0"
"HM_id_1716","movie_id_879","1.0"
"HM_id_3287","movie_id_4916","1.0"
"HM_id_3444","movie_id_7805","1.0"
"HM_id_4856","movie_id_398","1.0"
"HM_id_4826","movie_id_7447","1.0"
"HM_id_4195","movie_id_3078","1.0"
"HM_id_1222","movie_id_2413","1.0"
"HM_id_3358","movie_id_2995","1.0"
"HM_id_1739","movie_id_6605","1.0"
"HM_id_3069","movie_id_403","1.0"
"HM_id_3986","movie_id_730","1.0"
"HM_id_4531","movie_id_6025","0.7"
"HM_id_3926","movie_id_3593","1.0"
"HM_id_2855","movie_id_7455","1.0"
"HM_id_4727","movie_id_8111","0.9124999999999999"
"HM_id_4500","movie_id_3754","1.0"
"HM_id_3085","movie_id_5747","1.0"
"HM_id_1615","movie_id_8634","1.0"
"HM_id_2819","movie_id_3862","1.0"
"HM_id_4129","movie_id_6218","1.0"
"HM_id_1432","movie_id_7917","1.0"
"HM_id_1744","movie_id_1003","1.0"
"HM_id_4373","movie_id_1602","1.0"
"HM_id_2740","movie_id_1857","1.0"
"HM_id_3429","movie_id_685","1.0"
"HM_id_1448","movie_id_1040","1.0"
"HM_id_3980","movie_id_1785","1.0"
"HM_id_2974","movie_id_5799","1.0"
"HM_id_3890","movie_id_4010","1.0"
"HM_id_3465","movie_id_1889","1.0"
"HM_id_3655","movie_id_1592","1.0"
"HM_id_1686","movie_id_223","1.0"
"HM_id_4404","movie_id_6003","1.0"
"HM_id_4045","movie_id_5543","1.0"
"HM_id_4153","movie_id_6124","1.0"
"HM_id_2916","movie_id_7703","1.0"
"HM_id_1006","movie_id_2478","1.0"
"HM_id_4117","movie_id_1524","1.0"
"HM_id_1996","movie_id_4506","1.0"
"HM_id_3132","movie_id_4086","1.0"
"HM_id_2431","movie_id_2342","1.0"
"HM_id_4653","movie_id_7846","1.0"
"HM_id_3653","movie_id_7691","1.0"
"HM_id_3998","movie_id_3429","1.0"
"HM_id_4035","movie_id_8631","1.0"
"HM_id_3821","movie_id_2307","1.0"
"HM_id_3550","movie_id_327","1.0"
"HM_id_1677","movie_id_4002","1.0"
"HM_id_1409","movie_id_4249","1.0"
"HM_id_4559","movie_id_3520","0.7"
"HM_id_1691","movie_id_3582","1.0"
"HM_id_4685","movie_id_1148","1.0"
"HM_id_1902","movie_id_2137","1.0"
"HM_id_1497","movie_id_2763","1.0"
"HM_id_2718","movie_id_5379","1.0"
"HM_id_4760","movie_id_1950","1.0"
"HM_id_1351","movie_id_942","1.0"
"HM_id_4048","movie_id_4785","1.0"
"HM_id_3441","movie_id_8648","0.7"
"HM_id_1096","movie_id_4832","1.0"
"HM_id_3129","movie_id_6640","1.0"
"HM_id_3603","movie_id_7112","1.0"
"HM_id_2681","movie_id_1842","1.0"
"HM_id_1154","movie_id_7277","1.0"
"HM_id_2198","movie_id_5689","1.0"
"HM_id_1473","movie_id_4954","1.0"
"HM_id_4105","movie_id_2438","0.72"
"HM_id_2518","movie_id_3969","1.0"
"HM_id_3728","movie_id_8744","1.0"
"HM_id_2607","movie_id_2490","1.0"
"HM_id_3219","movie_id_5734","1.0"
"HM_id_1526","movie_id_5246","0.7"
"HM_id_4231","movie_id_8746","1.0"
"HM_id_1523","movie_id_2980","1.0"
"HM_id_2842","movie_id_2171","1.0"
"HM_id_1995","movie_id_7072","1.0"
"HM_id_4372","movie_id_5656","1.0"
"HM_id_2771","movie_id_5921","1.0"
"HM_id_3486","movie_id_2960","1.0"
"HM_id_1091","movie_id_8833","0.72"
"HM_id_3433","movie_id_1942","1.0"
"HM_id_2004","movie_id_6988","1.0"
"HM_id_2108","movie_id_9051","1.0"
"HM_id_2199","movie_id_1952","1.0"
"HM_id_1255","movie_id_2499","1.0"
"HM_id_4422","movie_id_2360","1.0"
"HM_id_1279","movie_id_7116","0.7"
"HM_id_3775","movie_id_5860","1.0"
"HM_id_1369","movie_id_6736","1.0"
"HM_id_3615","movie_id_6342","0.7"
"HM_id_4578","movie_id_3454","1.0"
"HM_id_2716","movie_id_707","1.0"
"HM_id_4579","movie_id_7223","0.7"
"HM_id_3943","movie_id_555","1.0"
"HM_id_2975","movie_id_7532","1.0"
"HM_id_2309","movie_id_6226","1.0"
"HM_id_3367","movie_id_4117","1.0"
"HM_id_2646","movie_id_3933","1.0"
"HM_id_2485","movie_id_2806","1.0"
"HM_id_3152","movie_id_9816","1.0"
"HM_id_2968","movie_id_3306","1.0"
"HM_id_3311","movie_id_1410","1.0"
"HM_id_1156","movie_id_5022","1.0"
"HM_id_3478","movie_id_3879","1.0"
"HM_id_2041","movie_id_805","1.0"
"HM_id_1638","movie_id_7647","1.0"
"HM_id_4059","movie_id_8899","1.0"
"HM_id_1712","movie_id_8826","1.0"
"HM_id_3263","movie_id_7166","1.0"
"HM_id_3075","movie_id_1620","1.0"
"HM_id_1038","movie_id_3393","1.0"
"HM_id_1566","movie_id_1076","1.0"
"HM_id_3814","movie_id_666","1.0"
"HM_id_1861","movie_id_8712","1.0"
"HM_id_1860","movie_id_4303","0.7083333333333333"
"HM_id_3493","movie_id_4688","1.0"
"HM_id_3889","movie_id_1338","1.0"
"HM_id_3834","movie_id_830","1.0"
"HM_id_4629","movie_id_4921","1.0"
"HM_id_1241","movie_id_4662","1.0"
"HM_id_3931","movie_id_3070","1.0"
"HM_id_1919","movie_id_1141","1.0"
"HM_id_4167","movie_id_1576","1.0"
"HM_id_1251","movie_id_2430","1.0"
"HM_id_4580","movie_id_7693","1.0"
"HM_id_3870","movie_id_1234","1.0"
"HM_id_1805","movie_id_795","1.0"
"HM_id_2791","movie_id_4019","1.0"
"HM_id_1484","movie_id_1541","1.0"
"HM_id_4689","movie_id_2973","1.0"
"HM_id_3545","movie_id_1839","1.0"
"HM_id_3632","movie_id_8495","1.0"
"HM_id_4696","movie_id_2772","1.0"
"HM_id_4079","movie_id_7919","0.7"
"HM_id_1608","movie_id_5603","1.0"
"HM_id_3648","movie_id_8117","1.0"
"HM_id_4489","movie_id_5909","1.0"
"HM_id_3968","movie_id_5725","1.0"
"HM_id_2737","movie_id_1949","1.0"
"HM_id_3372","movie_id_1263","1.0"
"HM_id_4877","movie_id_7375","1.0"
"HM_id_2874","movie_id_5397","1.0"
"HM_id_3745","movie_id_1224","1.0"
"HM_id_1460","movie_id_3324","1.0"
"HM_id_2191","movie_id_1563","1.0"
"HM_id_4206","movie_id_441","1.0"
"HM_id_1456","movie_id_1504","0.7"
"HM_id_1968","movie_id_8353","1.0"
"HM_id_2742","movie_id_2397","0.7"
"HM_id_4063","movie_id_4088","1.0"
"HM_id_3011","movie_id_3703","1.0"
"HM_id_4382","movie_id_4501","1.0"
"HM_id_3706","movie_id_7819","0.7"
"HM_id_2738","movie_id_6499","1.0"
"HM_id_2359","movie_id_6242","0.7"
"HM_id_2137","movie_id_9086","1.0"
"HM_id_3724","movie_id_849","1.0"
"HM_id_4859","movie_id_8361","1.0"
"HM_id_1678","movie_id_2574","1.0"
"HM_id_2380","movie_id_420","1.0"
"HM_id_3947","movie_id_5155","1.0"
"HM_id_2652","movie_id_2897","1.0"
"HM_id_4218","movie_id_1804","0.922222222222222"
"HM_id_2899","movie_id_8498","1.0"
"HM_id_1495","movie_id_3643","1.0"
"HM_id_2296","movie_id_2521","1.0"
"HM_id_2112","movie_id_728","1.0"
"HM_id_1400","movie_id_4032","0.7"
"HM_id_1901","movie_id_1379","1.0"
"HM_id_3385","movie_id_1474","1.0"
"HM_id_1052","movie_id_2506","1.0"
"HM_id_1186","movie_id_288","1.0"
"HM_id_2039","movie_id_3645","1.0"
"HM_id_1612","movie_id_5789","1.0"
"HM_id_4262","movie_id_9529","1.0"
"HM_id_3134","movie_id_7010","1.0"
"HM_id_4028","movie_id_2357","0.7"
"HM_id_1937","movie_id_1661","1.0"
"HM_id_1546","movie_id_3829","0.7"
"HM_id_3592","movie_id_4754","1.0"
"HM_id_2905","movie_id_2900","1.0"
"HM_id_1220","movie_id_3498","1.0"
"HM_id_1386","movie_id_8986","0.7"
"HM_id_3790","movie_id_8171","1.0"
"HM_id_3870","movie_id_900","0.7"
"HM_id_1124","movie_id_2458","1.0"
"HM_id_3995","movie_id_287","1.0"
"HM_id_4612","movie_id_6383","1.0"
"HM_id_4296","movie_id_9408","1.0"
"HM_id_3344","movie_id_3883","1.0"
"HM_id_3109","movie_id_9095","1.0"
"HM_id_3179","movie_id_1948","1.0"
"HM_id_1360","movie_id_6657","0.7"
"HM_id_3978","movie_id_4492","1.0"
"HM_id_2286","movie_id_3565","1.0"
"HM_id_1765","movie_id_2144","1.0"
"HM_id_4322","movie_id_8925","0.7"
"HM_id_2177","movie_id_1397","1.0"
"HM_id_2514","movie_id_9379","0.7"
"HM_id_2106","movie_id_6396","1.0"
"HM_id_3307","movie_id_2186","1.0"
"HM_id_1149","movie_id_6428","1.0"
"HM_id_4300","movie_id_981","1.0"
"HM_id_4266","movie_id_8532","1.0"
"HM_id_3900","movie_id_874","1.0"
"HM_id_3752","movie_id_2864","1.0"
"HM_id_1343","movie_id_7688","1.0"
"HM_id_1834","movie_id_3067","1.0"
"HM_id_1274","movie_id_2798","1.0"
"HM_id_3301","movie_id_5468","1.0"
"HM_id_2831","movie_id_7419","1.0"
"HM_id_2060","movie_id_423","0.7"
"HM_id_3189","movie_id_5230","1.0"
"HM_id_4358","movie_id_7728","1.0"
"HM_id_1349","movie_id_6351","1.0"
"HM_id_4662","movie_id_1004","1.0"
"HM_id_1445","movie_id_8372","1.0"
"HM_id_3996","movie_id_4983","1.0"
"HM_id_3084","movie_id_2037","1.0"
"HM_id_2522","movie_id_4771","1.0"
"HM_id_4327","movie_id_1504","0.7"
"HM_id_2020","movie_id_1632","1.0"
"HM_id_2312","movie_id_5529","1.0"
"HM_id_2987","movie_id_2327","1.0"
"HM_id_2179","movie_id_2011","1.0"
"HM_id_3990","movie_id_4137","1.0"
"HM_id_2730","movie_id_7087","1.0"
"HM_id_2934","movie_id_7434","1.0"
"HM_id_2709","movie_id_1854","1.0"
"HM_id_2337","movie_id_2358","1.0"
"HM_id_1953","movie_id_3516","1.0"
"HM_id_2597","movie_id_4658","0.7"
"HM_id_4040","movie_id_2726","1.0"
"HM_id_4163","movie_id_8931","1.0"
"HM_id_1888","movie_id_9574","1.0"
"HM_id_2164","movie_id_2362","1.0"
"HM_id_2972","movie_id_6821","1.0"
"HM_id_2739","movie_id_8738","1.0"
"HM_id_1040","movie_id_6692","1.0"
"HM_id_2327","movie_id_7515","1.0"
"HM_id_1326","movie_id_7450","0.7"
"HM_id_3097","movie_id_1476","1.0"
"HM_id_1278","movie_id_7501","1.0"
"HM_id_3693","movie_id_671","1.0"
"HM_id_2334","movie_id_3924","1.0"
"HM_id_4736","movie_id_4609","1.0"
"HM_id_4233","movie_id_5410","1.0"
"HM_id_2911","movie_id_9676","1.0"
"HM_id_3347","movie_id_1354","1.0"
"HM_id_1843","movie_id_3150","1.0"
"HM_id_4200","movie_id_9361","1.0"
"HM_id_3102","movie_id_548","1.0"
"HM_id_2212","movie_id_3790","1.0"
"HM_id_2515","movie_id_1705","1.0"
"HM_id_4553","movie_id_7427","0.7"
"HM_id_3551","movie_id_9460","1.0"
"HM_id_2743","movie_id_1831","0.7"
"HM_id_1936","movie_id_1935","1.0"
"HM_id_3746","movie_id_2026","1.0"
"HM_id_2886","movie_id_4923","1.0"
"HM_id_1564","movie_id_3504","1.0"
"HM_id_4665","movie_id_2563","1.0"
"HM_id_2651","movie_id_4113","1.0"
"HM_id_2456","movie_id_5710","1.0"
"HM_id_2254","movie_id_2491","0.7"
"HM_id_2168","movie_id_5991","1.0"
"HM_id_3697","movie_id_2901","1.0"
"HM_id_3793","movie_id_4605","1.0"
"HM_id_3823","movie_id_3199","1.0"
"HM_id_3327","movie_id_4774","1.0"
"HM_id_1307","movie_id_1513","1.0"
"HM_id_3829","movie_id_6266","0.7"
"HM_id_2408","movie_id_1049","1.0"
"HM_id_2169","movie_id_1048","1.0"
"HM_id_3977","movie_id_2196","1.0"
"HM_id_3641","movie_id_1307","1.0"
"HM_id_3679","movie_id_5085","1.0"
"HM_id_3479","movie_id_1030","1.0"
"HM_id_4188","movie_id_7428","1.0"
"HM_id_1485","movie_id_1784","1.0"
"HM_id_3627","movie_id_6091","1.0"
"HM_id_4694","movie_id_6209","1.0"
"HM_id_3164","movie_id_1170","1.0"
"HM_id_3872","movie_id_1027","1.0"
"HM_id_3360","movie_id_6400","1.0"
"HM_id_1597","movie_id_5040","1.0"
"HM_id_2030","movie_id_2435","1.0"
"HM_id_3636","movie_id_4659","1.0"
"HM_id_3797","movie_id_515","1.0"
"HM_id_4036","movie_id_2315","1.0"
"HM_id_2724","movie_id_1518","1.0"
"HM_id_3245","movie_id_821","1.0"
"HM_id_3512","movie_id_6704","1.0"
"HM_id_1994","movie_id_343","1.0"
"HM_id_1441","movie_id_477","0.7"
"HM_id_1808","movie_id_4608","1.0"
"HM_id_4003","movie_id_3534","1.0"
"HM_id_2694","movie_id_4376","0.7"
"HM_id_2158","movie_id_6122","1.0"
"HM_id_2726","movie_id_9392","1.0"
"HM_id_1605","movie_id_4674","0.72"
"HM_id_4079","movie_id_3747","1.0"
"HM_id_1616","movie_id_5049","1.0"
"HM_id_2411","movie_id_4767","1.0"
"HM_id_2514","movie_id_7488","0.7"
"HM_id_4486","movie_id_3181","1.0"
"HM_id_4246","movie_id_4178","0.7"
"HM_id_1424","movie_id_2758","1.0"
"HM_id_2428","movie_id_2231","1.0"
"HM_id_3073","movie_id_7016","1.0"
"HM_id_2610","movie_id_3152","1.0"
"HM_id_4029","movie_id_9214","0.7"
"HM_id_4774","movie_id_4585","1.0"
"HM_id_1333","movie_id_2369","1.0"
"HM_id_1419","movie_id_705","1.0"
"HM_id_2100","movie_id_2576","0.72"
"HM_id_3032","movie_id_2079","1.0"
"HM_id_2492","movie_id_1879","1.0"
"HM_id_4249","movie_id_3140","1.0"
"HM_id_2060","movie_id_995","1.0"
"HM_id_3497","movie_id_5014","1.0"
"HM_id_3753","movie_id_4412","1.0"
"HM_id_1916","movie_id_4745","0.7"
"HM_id_2385","movie_id_5396","1.0"
"HM_id_2805","movie_id_590","1.0"
"HM_id_3379","movie_id_2222","1.0"
"HM_id_3333","movie_id_1355","1.0"
"HM_id_3701","movie_id_5750","1.0"
"HM_id_1287","movie_id_3314","0.7"
"HM_id_3682","movie_id_7891","1.0"
"HM_id_2330","movie_id_963","1.0"
"HM_id_4399","movie_id_3175","1.0"
"HM_id_3180","movie_id_189","1.0"
"HM_id_2064","movie_id_4679","1.0"
"HM_id_1972","movie_id_1393","1.0"
"HM_id_4159","movie_id_7149","1.0"
"HM_id_2217","movie_id_7390","1.0"
"HM_id_3945","movie_id_1607","1.0"
"HM_id_2636","movie_id_1383","1.0"
"HM_id_1303","movie_id_4141","1.0"
"HM_id_2201","movie_id_1733","1.0"
"HM_id_3820","movie_id_9228","1.0"
"HM_id_3289","movie_id_9492","1.0"
"HM_id_3899","movie_id_1035","1.0"
"HM_id_1493","movie_id_151","1.0"
"HM_id_4339","movie_id_2612","1.0"
"HM_id_1405","movie_id_359","1.0"
"HM_id_1119","movie_id_1485","1.0"
"HM_id_3076","movie_id_6994","1.0"
"HM_id_3340","movie_id_7713","1.0"
"HM_id_3955","movie_id_1391","1.0"
"HM_id_4361","movie_id_9732","1.0"
"HM_id_1483","movie_id_3982","0.7"
"HM_id_1915","movie_id_1212","1.0"
"HM_id_2948","movie_id_4225","1.0"
"HM_id_3286","movie_id_1989","1.0"
"HM_id_2311","movie_id_2628","1.0"
"HM_id_2962","movie_id_814","1.0"
"HM_id_1383","movie_id_869","1.0"
"HM_id_4143","movie_id_6526","1.0"
"HM_id_4100","movie_id_7038","1.0"
"HM_id_4277","movie_id_9008","1.0"
"HM_id_2361","movie_id_1470","1.0"
"HM_id_4714","movie_id_1727","1.0"
"HM_id_2280","movie_id_3671","1.0"
"HM_id_3875","movie_id_2577","1.0"
"HM_id_4298","movie_id_4442","1.0"
"HM_id_1986","movie_id_2918","1.0"
"HM_id_3021","movie_id_2153","1.0"
"HM_id_2140","movie_id_2230","1.0"
"HM_id_3786","movie_id_5533","1.0"
"HM_id_3891","movie_id_1304","1.0"
"HM_id_2619","movie_id_1936","1.0"
"HM_id_1750","movie_id_528","1.0"
"HM_id_2954","movie_id_7404","1.0"
"HM_id_2000","movie_id_3732","1.0"
"HM_id_3816","movie_id_2393","1.0"
"HM_id_2491","movie_id_231","1.0"
"HM_id_3345","movie_id_5267","1.0"
"HM_id_2591","movie_id_9280","1.0"
"HM_id_1139","movie_id_9307","1.0"
"HM_id_2867","movie_id_4732","1.0"
"HM_id_1579","movie_id_1606","1.0"
"HM_id_3125","movie_id_437","1.0"
"HM_id_2575","movie_id_9820","1.0"
"HM_id_3381","movie_id_7160","1.0"
"HM_id_1519","movie_id_7648","1.0"
"HM_id_3244","movie_id_968","1.0"
"HM_id_2920","movie_id_3684","1.0"
"HM_id_4285","movie_id_6002","1.0"
"HM_id_2581","movie_id_2300","1.0"
"HM_id_1031","movie_id_2055","1.0"
"HM_id_3762","movie_id_2537","1.0"
"HM_id_2444","movie_id_3116","1.0"
"HM_id_2668","movie_id_9489","1.0"
"HM_id_3748","movie_id_7135","1.0"
"HM_id_3602","movie_id_2640","1.0"
"HM_id_1024","movie_id_3723","1.0"
"HM_id_4257","movie_id_1388","1.0"
"HM_id_4037","movie_id_2115","1.0"
"HM_id_3472","movie_id_2660","1.0"
"HM_id_3505","movie_id_3646","1.0"
"HM_id_3597","movie_id_6260","1.0"
"HM_id_2952","movie_id_2745","1.0"
"HM_id_2523","movie_id_2333","1.0"
"HM_id_3071","movie_id_3563","0.7"
"HM_id_1729","movie_id_8287","1.0"
"HM_id_3886","movie_id_3566","1.0"
"HM_id_3633","movie_id_1203","1.0"
"HM_id_2239","movie_id_988","1.0"
"HM_id_1485","movie_id_5661","0.7"
"HM_id_1487","movie_id_367","1.0"
"HM_id_3116","movie_id_1228","1.0"
"HM_id_4841","movie_id_2190","1.0"
"HM_id_4716","movie_id_81","1.0"
"HM_id_1247","movie_id_6322","0.7"
"HM_id_2068","movie_id_6657","1.0"
"HM_id_3983","movie_id_1693","1.0"
"HM_id_1921","movie_id_7825","0.7"
"HM_id_4847","movie_id_8172","1.0"
"HM_id_2719","movie_id_9419","1.0"
"HM_id_1923","movie_id_1714","1.0"
"HM_id_1561","movie_id_5176","1.0"
"HM_id_2527","movie_id_7682","1.0"
"HM_id_2699","movie_id_5320","1.0"
"HM_id_3439","movie_id_6693","1.0"
"HM_id_1653","movie_id_838","0.7"
"HM_id_4066","movie_id_6709","1.0"
"HM_id_1393","movie_id_1455","1.0"
"HM_id_4577","movie_id_3965","1.0"
"HM_id_2703","movie_id_921","1.0"
"HM_id_3761","movie_id_6329","1.0"
"HM_id_2553","movie_id_2671","1.0"
"HM_id_3258","movie_id_7316","1.0"
"HM_id_1352","movie_id_5017","1.0"
"HM_id_4614","movie_id_4472","1.0"
"HM_id_2462","movie_id_993","1.0"
"HM_id_3424","movie_id_5278","1.0"
"HM_id_4822","movie_id_9140","1.0"
"HM_id_2171","movie_id_1420","1.0"
"HM_id_4609","movie_id_3912","1.0"
"HM_id_1770","movie_id_3885","1.0"
"HM_id_3942","movie_id_662","1.0"
"HM_id_2926","movie_id_3697","1.0"
"HM_id_1758","movie_id_8347","1.0"
"HM_id_1339","movie_id_2361","1.0"
"HM_id_4344","movie_id_1270","1.0"
"HM_id_4513","movie_id_1038","1.0"
"HM_id_1779","movie_id_7124","1.0"
"HM_id_3631","movie_id_4092","1.0"
"HM_id_2837","movie_id_7978","1.0"
"HM_id_4232","movie_id_5236","0.7"
"HM_id_4796","movie_id_3597","1.0"
"HM_id_2508","movie_id_475","1.0"
"HM_id_2961","movie_id_1993","1.0"
"HM_id_2388","movie_id_1429","1.0"
"HM_id_1261","movie_id_2714","1.0"
"HM_id_3458","movie_id_2592","0.7"
"HM_id_2618","movie_id_3625","1.0"
"HM_id_2243","movie_id_9695","1.0"
"HM_id_2524","movie_id_2599","1.0"
"HM_id_3352","movie_id_9505","1.0"
"HM_id_2992","movie_id_557","1.0"
"HM_id_1490","movie_id_6334","1.0"
"HM_id_2383","movie_id_2706","1.0"
"HM_id_2193","movie_id_949","1.0"
"HM_id_1514","movie_id_1247","1.0"
"HM_id_2881","movie_id_1174","1.0"
"HM_id_1757","movie_id_3455","1.0"
"HM_id_2969","movie_id_4451","1.0"
"HM_id_4764","movie_id_2395","1.0"
"HM_id_2438","movie_id_7850","1.0"
"HM_id_3304","movie_id_388","0.7"
"HM_id_2790","movie_id_1796","1.0"
"HM_id_2832","movie_id_1018","1.0"
"HM_id_1376","movie_id_9789","1.0"
"HM_id_1599","movie_id_2920","1.0"
"HM_id_1099","movie_id_5057","1.0"
"HM_id_3086","movie_id_7863","1.0"
"HM_id_2076","movie_id_3777","1.0"
"HM_id_1453","movie_id_5595","0.7"
"HM_id_4360","movie_id_7874","1.0"
"HM_id_4327","movie_id_5719","0.7"
"HM_id_3413","movie_id_8991","1.0"
"HM_id_3903","movie_id_305","1.0"
"HM_id_3727","movie_id_4146","1.0"
"HM_id_1222","movie_id_6212","0.7"
"HM_id_3730","movie_id_3886","1.0"
"HM_id_3240","movie_id_3308","1.0"
"HM_id_3402","movie_id_4150","1.0"
"HM_id_4738","movie_id_358","1.0"
"HM_id_4678","movie_id_2773","1.0"
"HM_id_3961","movie_id_4274","1.0"
"HM_id_4067","movie_id_6281","1.0"
"HM_id_1152","movie_id_3846","1.0"
"HM_id_4179","movie_id_5832","1.0"
"HM_id_3766","movie_id_836","1.0"
"HM_id_2407","movie_id_1002","1.0"
"HM_id_4340","movie_id_6065","1.0"
"HM_id_3330","movie_id_1446","1.0"
"HM_id_4794","movie_id_5006","1.0"
"HM_id_2144","movie_id_7698","1.0"
"HM_id_4289","movie_id_3693","1.0"
"HM_id_4104","movie_id_5432","0.7"
"HM_id_3364","movie_id_8617","1.0"
"HM_id_1618","movie_id_4039","1.0"
"HM_id_3921","movie_id_1903","1.0"
"HM_id_1254","movie_id_6620","1.0"
"HM_id_2649","movie_id_1260","1.0"
"HM_id_1286","movie_id_506","1.0"
"HM_id_3168","movie_id_534","1.0"
"HM_id_2428","movie_id_7453","0.7"
"HM_id_3433","movie_id_88","0.7"
"HM_id_4290","movie_id_4879","1.0"
"HM_id_4837","movie_id_1202","1.0"
"HM_id_1390","movie_id_3964","0.7"
"HM_id_1951","movie_id_1061","1.0"
"HM_id_3516","movie_id_654","1.0"
"HM_id_3163","movie_id_1908","1.0"
"HM_id_2691","movie_id_5758","1.0"
"HM_id_2519","movie_id_6792","1.0"
"HM_id_3195","movie_id_4394","1.0"
"HM_id_4701","movie_id_3835","1.0"
"HM_id_3226","movie_id_6206","1.0"
"HM_id_2551","movie_id_2764","1.0"
"HM_id_3356","movie_id_5004","1.0"
"HM_id_1256","movie_id_8406","1.0"
"HM_id_2102","movie_id_5383","1.0"
"HM_id_2801","movie_id_628","1.0"
"HM_id_3937","movie_id_2600","1.0"
"HM_id_3908","movie_id_1467","1.0"
"HM_id_2232","movie_id_2067","1.0"
"HM_id_3984","movie_id_2562","1.0"
"HM_id_4821","movie_id_7947","1.0"
"HM_id_1601","movie_id_5135","1.0"
"HM_id_3381","movie_id_2837","0.7"
"HM_id_1170","movie_id_3074","1.0"
"HM_id_1271","movie_id_4714","1.0"
"HM_id_3146","movie_id_634","1.0"
"HM_id_3489","movie_id_7982","1.0"
"HM_id_4409","movie_id_6214","1.0"
"HM_id_3024","movie_id_1078","1.0"
"HM_id_1628","movie_id_8424","1.0"
"HM_id_2293","movie_id_9235","1.0"
"HM_id_1430","movie_id_399","1.0"
"HM_id_3962","movie_id_1708","1.0"
"HM_id_4829","movie_id_6853","1.0"
"HM_id_3566","movie_id_243","1.0"
"HM_id_1024","movie_id_5922","0.7"
"HM_id_3420","movie_id_3480","1.0"
"HM_id_3064","movie_id_160","1.0"
"HM_id_3017","movie_id_7492","1.0"
"HM_id_3485","movie_id_1495","1.0"
"HM_id_3585","movie_id_5069","1.0"
"HM_id_1921","movie_id_2758","0.7"
"HM_id_2120","movie_id_7136","0.7"
"HM_id_4592","movie_id_1537","1.0"
"HM_id_4212","movie_id_2915","0.72"
"HM_id_2581","movie_id_4500","0.7"
"HM_id_3332","movie_id_6774","1.0"
"HM_id_4075","movie_id_5818","1.0"
"HM_id_2582","movie_id_2975","1.0"
"HM_id_2326","movie_id_1545","1.0"
"HM_id_3126","movie_id_214","1.0"
"HM_id_3502","movie_id_1192","1.0"
"HM_id_4274","movie_id_7567","1.0"
"HM_id_2447","movie_id_5636","1.0"
"HM_id_2898","movie_id_6063","1.0"
"HM_id_3280","movie_id_4043","0.7"
"HM_id_4159","movie_id_4798","0.7"
"HM_id_2963","movie_id_2786","1.0"
"HM_id_1015","movie_id_1867","1.0"
"HM_id_3686","movie_id_720","1.0"
"HM_id_4232","movie_id_5771","1.0"
"HM_id_3171","movie_id_1098","1.0"
"HM_id_4178","movie_id_2768","1.0"
"HM_id_2589","movie_id_2024","1.0"
"HM_id_3913","movie_id_402","1.0"
"HM_id_2590","movie_id_977","1.0"
"HM_id_4639","movie_id_3154","1.0"
"HM_id_1860","movie_id_7227","1.0"
"HM_id_2170","movie_id_2756","1.0"
"HM_id_4700","movie_id_559","1.0"
"HM_id_1558","movie_id_5925","1.0"
"HM_id_2284","movie_id_8644","1.0"
"HM_id_4792","movie_id_5029","1.0"
"HM_id_2362","movie_id_2293","1.0"
"HM_id_2152","movie_id_5332","1.0"
"HM_id_2573","movie_id_935","1.0"
"HM_id_1646","movie_id_5208","0.7"
"HM_id_3306","movie_id_8795","1.0"
"HM_id_1878","movie_id_9670","1.0"
"HM_id_2127","movie_id_6493","1.0"
"HM_id_2648","movie_id_5374","1.0"
"HM_id_4814","movie_id_9091","1.0"
"HM_id_3410","movie_id_6254","1.0"
"HM_id_2242","movie_id_6592","0.7"
"HM_id_2849","movie_id_8724","1.0"
"HM_id_2937","movie_id_1780","1.0"
"HM_id_3080","movie_id_1997","1.0"
"HM_id_3394","movie_id_5508","1.0"
"HM_id_1726","movie_id_9169","1.0"
"HM_id_2190","movie_id_510","1.0"
"HM_id_1854","movie_id_5394","1.0"
"HM_id_3835","movie_id_6046","0.7"
"HM_id_3390","movie_id_1070","1.0"
"HM_id_2574","movie_id_618","1.0"
"HM_id_3274","movie_id_6184","0.7"
"HM_id_4805","movie_id_2513","1.0"
"HM_id_3225","movie_id_1217","1.0"
"HM_id_2005","movie_id_2155","1.0"
"HM_id_2861","movie_id_8936","1.0"
"HM_id_2572","movie_id_428","1.0"
"HM_id_1654","movie_id_5106","1.0"
"HM_id_2634","movie_id_211","1.0"
"HM_id_1844","movie_id_5363","1.0"
"HM_id_3094","movie_id_3121","1.0"
"HM_id_1357","movie_id_5224","1.0"
"HM_id_1950","movie_id_1195","1.0"
"HM_id_3462","movie_id_3694","0.7"
"HM_id_2133","movie_id_2496","1.0"
"HM_id_2406","movie_id_361","1.0"
"HM_id_1634","movie_id_409","1.0"
"HM_id_4219","movie_id_6914","1.0"
"HM_id_4326","movie_id_4823","1.0"
"HM_id_1342","movie_id_5885","1.0"
"HM_id_2879","movie_id_2632","1.0"
"HM_id_2764","movie_id_3370","1.0"
"HM_id_1653","movie_id_1425","1.0"
"HM_id_1658","movie_id_1972","1.0"
"HM_id_2659","movie_id_5462","0.7"
"HM_id_3993","movie_id_2564","1.0"
"HM_id_4160","movie_id_1823","1.0"
"HM_id_3423","movie_id_870","1.0"
"HM_id_2295","movie_id_3993","1.0"
"HM_id_2683","movie_id_2431","1.0"
"HM_id_1227","movie_id_2485","1.0"
"HM_id_1537","movie_id_5875","1.0"
"HM_id_1192","movie_id_2690","1.0"
"HM_id_2846","movie_id_3941","1.0"
"HM_id_1480","movie_id_6000","1.0"
"HM_id_4110","movie_id_7311","1.0"
"HM_id_1633","movie_id_290","1.0"
"HM_id_4671","movie_id_1449","0.7"
"HM_id_1188","movie_id_3815","1.0"
"HM_id_4642","movie_id_5005","1.0"
"HM_id_1404","movie_id_1439","0.7"
"HM_id_2282","movie_id_7356","1.0"
"HM_id_2132","movie_id_7950","1.0"
"HM_id_2318","movie_id_1333","1.0"
"HM_id_3741","movie_id_6425","1.0"
"HM_id_2490","movie_id_221","1.0"
"HM_id_2616","movie_id_9718","0.7"
"HM_id_3384","movie_id_1983","1.0"
"HM_id_1262","movie_id_1973","1.0"
"HM_id_1027","movie_id_621","1.0"
"HM_id_2240","movie_id_7971","1.0"
"HM_id_3089","movie_id_1487","1.0"
"HM_id_3698","movie_id_7295","1.0"
"HM_id_3737","movie_id_4028","1.0"
"HM_id_2915","movie_id_8006","1.0"
"HM_id_3658","movie_id_4336","1.0"
"HM_id_1416","movie_id_3759","1.0"
"HM_id_2077","movie_id_5545","1.0"
"HM_id_1914","movie_id_2986","1.0"
"HM_id_1991","movie_id_695","1.0"
"HM_id_4681","movie_id_2347","0.7"
"HM_id_2595","movie_id_759","1.0"
"HM_id_3480","movie_id_1877","1.0"
"HM_id_2007","movie_id_7850","0.7"
"HM_id_3143","movie_id_9580","1.0"
"HM_id_3269","movie_id_7823","0.7"
"HM_id_3869","movie_id_793","1.0"
"HM_id_2086","movie_id_1920","1.0"
"HM_id_1465","movie_id_2274","1.0"
"HM_id_2418","movie_id_1067","1.0"
"HM_id_1851","movie_id_5200","1.0"
"HM_id_2970","movie_id_1447","1.0"
"HM_id_3336","movie_id_3895","1.0"
"HM_id_4683","movie_id_5777","1.0"
"HM_id_4174","movie_id_2203","1.0"
"HM_id_2279","movie_id_3055","1.0"
"HM_id_4785","movie_id_8884","1.0"
"HM_id_2511","movie_id_1594","1.0"
"HM_id_3508","movie_id_2469","1.0"
"HM_id_3127","movie_id_6735","1.0"
"HM_id_4130","movie_id_4776","1.0"
"HM_id_1449","movie_id_9805","1.0"
"HM_id_1549","movie_id_2769","1.0"
"HM_id_4667","movie_id_4016","1.0"
"HM_id_1318","movie_id_2928","1.0"
"HM_id_2578","movie_id_7443","1.0"
"HM_id_2918","movie_id_5905","1.0"
"HM_id_4390","movie_id_3220","1.0"
"HM_id_3934","movie_id_5084","1.0"
"HM_id_3068","movie_id_8880","1.0"
"HM_id_2833","movie_id_8745","1.0"
"HM_id_1499","movie_id_145","1.0"
"HM_id_4751","movie_id_6278","1.0"
"HM_id_2294","movie_id_1782","1.0"
"HM_id_2131","movie_id_4675","1.0"
"HM_id_4043","movie_id_3828","1.0"
"HM_id_1595","movie_id_3052","1.0"
"HM_id_2184","movie_id_5318","1.0"
"HM_id_1786","movie_id_3874","1.0"
"HM_id_4330","movie_id_3384","1.0"
"HM_id_3023","movie_id_8473","1.0"
"HM_id_4026","movie_id_2534","1.0"
"HM_id_2583","movie_id_3963","1.0"
"HM_id_3335","movie_id_5762","1.0"
"HM_id_1648","movie_id_4566","1.0"
"HM_id_1394","movie_id_1128","1.0"
"HM_id_2400","movie_id_1432","1.0"
"HM_id_3898","movie_id_1387","1.0"
"HM_id_2995","movie_id_967","1.0"
"HM_id_1228","movie_id_6688","1.0"
"HM_id_2427","movie_id_9567","1.0"
"HM_id_4175","movie_id_7090","1.0"
"HM_id_4813","movie_id_4006","0.8833333333333333"
"HM_id_2895","movie_id_970","1.0"
"HM_id_4763","movie_id_1901","1.0"
"HM_id_4395","movie_id_2455","0.7"
"HM_id_4152","movie_id_2202","1.0"
"HM_id_2592","movie_id_952","1.0"
"HM_id_4454","movie_id_6924","1.0"
"HM_id_3715","movie_id_1991","1.0"
"HM_id_3808","movie_id_425","1.0"
"HM_id_1509","movie_id_4890","1.0"
"HM_id_4664","movie_id_3363","1.0"
"HM_id_2160","movie_id_6943","1.0"
"HM_id_2675","movie_id_286","1.0"
"HM_id_4783","movie_id_7970","1.0"
"HM_id_3940","movie_id_4076","1.0"
"HM_id_4732","movie_id_7593","1.0"
"HM_id_3473","movie_id_8887","1.0"
"HM_id_2014","movie_id_7773","0.7"
"HM_id_2798","movie_id_3590","1.0"
"HM_id_4504","movie_id_3025","1.0"
"HM_id_1378","movie_id_3781","1.0"
"HM_id_2090","movie_id_6010","1.0"
"HM_id_3776","movie_id_6622","1.0"
"HM_id_2670","movie_id_1343","1.0"
"HM_id_3173","movie_id_6167","1.0"
"HM_id_2871","movie_id_3816","1.0"
"HM_id_4437","movie_id_8407","1.0"
"HM_id_3622","movie_id_5308","1.0"
"HM_id_1230","movie_id_6503","1.0"
"HM_id_1362","movie_id_6221","1.0"
"HM_id_3065","movie_id_4468","1.0"
"HM_id_3884","movie_id_3120","1.0"
"HM_id_2048","movie_id_3333","1.0"
"HM_id_2945","movie_id_2488","1.0"
"HM_id_3083","movie_id_1350","1.0"
"HM_id_3749","movie_id_1781","1.0"
"HM_id_3221","movie_id_2741","1.0"
"HM_id_2453","movie_id_1414","1.0"
"HM_id_4346","movie_id_5281","1.0"
"HM_id_2267","movie_id_2297","1.0"
"HM_id_1106","movie_id_1699","1.0"
"HM_id_2493","movie_id_1813","1.0"
"HM_id_1792","movie_id_1413","1.0"
"HM_id_1533","movie_id_8162","1.0"
"HM_id_3628","movie_id_8721","1.0"
"HM_id_3282","movie_id_5050","1.0"
"HM_id_3342","movie_id_7524","1.0"
"HM_id_4539","movie_id_3331","1.0"
"HM_id_2840","movie_id_1516","1.0"
"HM_id_2715","movie_id_7720","1.0"
"HM_id_4104","movie_id_816","0.7"
"HM_id_1424","movie_id_7825","0.7"
"HM_id_3598","movie_id_794","1.0"
"HM_id_3863","movie_id_6531","0.7"
"HM_id_1718","movie_id_7598","1.0"
"HM_id_2401","movie_id_3665","1.0"
"HM_id_2292","movie_id_5499","1.0"
"HM_id_1829","movie_id_2725","1.0"
"HM_id_3157","movie_id_4616","1.0"
"HM_id_3992","movie_id_2463","0.7"
"HM_id_1886","movie_id_3253","1.0"
"HM_id_4784","movie_id_1585","1.0"
"HM_id_1929","movie_id_8615","0.7"
"HM_id_2356","movie_id_1800","1.0"
"HM_id_1974","movie_id_8355","1.0"
"HM_id_3573","movie_id_4393","1.0"
"HM_id_1321","movie_id_4872","0.7"
"HM_id_4271","movie_id_2108","1.0"
"HM_id_2214","movie_id_2070","1.0"
"HM_id_2541","movie_id_3983","1.0"
"HM_id_3771","movie_id_1837","1.0"
"HM_id_3562","movie_id_6131","1.0"
"HM_id_2172","movie_id_812","1.0"
"HM_id_2364","movie_id_991","0.8599999999999999"
"HM_id_3081","movie_id_6204","1.0"
"HM_id_2314","movie_id_2720","1.0"
"HM_id_1909","movie_id_1037","1.0"
"HM_id_3716","movie_id_6684","1.0"
"HM_id_1999","movie_id_9696","1.0"
"HM_id_1217","movie_id_6850","1.0"
"HM_id_1385","movie_id_1982","1.0"
"HM_id_3363","movie_id_736","1.0"
"HM_id_1777","movie_id_8653","1.0"
"HM_id_1070","movie_id_5114","1.0"
"HM_id_4259","movie_id_8563","1.0"
"HM_id_2672","movie_id_7675","1.0"
"HM_id_1077","movie_id_3918","1.0"
"HM_id_1335","movie_id_178","1.0"
"HM_id_3807","movie_id_3724","0.7"
"HM_id_2221","movie_id_4151","1.0"
"HM_id_1433","movie_id_7366","1.0"
"HM_id_2315","movie_id_636","1.0"
"HM_id_3389","movie_id_3843","1.0"
"HM_id_3200","movie_id_7513","1.0"
"HM_id_3911","movie_id_1843","1.0"
"HM_id_1914","movie_id_856","0.7"
"HM_id_2226","movie_id_5726","1.0"
"HM_id_3780","movie_id_1702","1.0"
"HM_id_2404","movie_id_3112","1.0"
"HM_id_3115","movie_id_3457","1.0"
"HM_id_2153","movie_id_5464","0.7"
"HM_id_2762","movie_id_3040","1.0"
"HM_id_2528","movie_id_5493","1.0"
"HM_id_3295","movie_id_6172","1.0"
"HM_id_1617","movie_id_492","1.0"
"HM_id_4436","movie_id_6626","1.0"
"HM_id_3968","movie_id_8385","0.7"
"HM_id_4707","movie_id_7838","0.7"
"HM_id_3398","movie_id_1225","1.0"
"HM_id_3619","movie_id_4012","1.0"
"HM_id_1016","movie_id_4309","1.0"
