dbpedia_id_249,HM_id_4710,False
dbpedia_id_249,HM_id_330,False
dbpedia_id_3143,HM_id_2152,True
dbpedia_id_4166,HM_id_3273,True
dbpedia_id_249,HM_id_269,False
dbpedia_id_249,HM_id_231,False
dbpedia_id_1995,HM_id_3961,True
dbpedia_id_4857,HM_id_1949,True
dbpedia_id_249,HM_id_792,False
dbpedia_id_249,HM_id_269,False
dbpedia_id_2891,HM_id_4107,True
dbpedia_id_249,HM_id_251,False
dbpedia_id_249,HM_id_229,False
dbpedia_id_249,HM_id_212,False
dbpedia_id_3995,HM_id_4763,True
dbpedia_id_3986,HM_id_2371,True
dbpedia_id_249,HM_id_792,False
dbpedia_id_249,HM_id_229,False
dbpedia_id_249,HM_id_251,False
dbpedia_id_9619,HM_id_2127,True
dbpedia_id_9174,HM_id_2690,True
dbpedia_id_7398,HM_id_2020,True
dbpedia_id_249,HM_id_4710,False
dbpedia_id_249,HM_id_251,False
dbpedia_id_249,HM_id_268,False
dbpedia_id_1650,HM_id_1821,True
dbpedia_id_9288,HM_id_4078,True
dbpedia_id_9808,HM_id_2005,True
dbpedia_id_249,HM_id_501,False
dbpedia_id_249,HM_id_229,False
dbpedia_id_9090,HM_id_4178,True
dbpedia_id_249,HM_id_268,False
dbpedia_id_2688,HM_id_3489,True
dbpedia_id_249,HM_id_137,False
dbpedia_id_170,HM_id_2942,True
dbpedia_id_249,HM_id_231,False
dbpedia_id_249,HM_id_229,False
dbpedia_id_249,HM_id_229,False
dbpedia_id_3947,HM_id_2384,True
dbpedia_id_2533,HM_id_3762,True
dbpedia_id_249,HM_id_269,False
dbpedia_id_1793,HM_id_4002,True
dbpedia_id_249,HM_id_155,False
dbpedia_id_2472,HM_id_3933,True
dbpedia_id_249,HM_id_231,False
dbpedia_id_2502,HM_id_2621,True
dbpedia_id_1134,HM_id_2353,True
dbpedia_id_633,HM_id_3659,True
dbpedia_id_1559,HM_id_2381,True
dbpedia_id_2547,HM_id_2824,True
dbpedia_id_249,HM_id_268,False
dbpedia_id_249,HM_id_137,False
dbpedia_id_9105,HM_id_2648,True
dbpedia_id_249,HM_id_229,False
dbpedia_id_6590,HM_id_1477,True
dbpedia_id_3404,HM_id_1929,True
dbpedia_id_249,HM_id_492,False
dbpedia_id_249,HM_id_155,False
dbpedia_id_249,HM_id_268,False
dbpedia_id_1101,HM_id_2286,True
dbpedia_id_249,HM_id_269,False
dbpedia_id_249,HM_id_269,False
dbpedia_id_8315,HM_id_2317,True
dbpedia_id_249,HM_id_268,False
dbpedia_id_249,HM_id_231,False
dbpedia_id_9241,HM_id_2746,True
dbpedia_id_1572,HM_id_4309,True
dbpedia_id_249,HM_id_231,False
dbpedia_id_560,HM_id_3336,True
dbpedia_id_1595,HM_id_1524,True
dbpedia_id_9832,HM_id_1231,True
dbpedia_id_7446,HM_id_4336,True
dbpedia_id_249,HM_id_4710,False
dbpedia_id_4165,HM_id_3739,True
dbpedia_id_249,HM_id_137,False
dbpedia_id_249,HM_id_269,False
dbpedia_id_249,HM_id_231,False
dbpedia_id_4862,HM_id_2283,True
dbpedia_id_2583,HM_id_4056,True
dbpedia_id_4058,HM_id_2905,True
dbpedia_id_249,HM_id_269,False
dbpedia_id_249,HM_id_269,False
dbpedia_id_249,HM_id_330,False
dbpedia_id_249,HM_id_155,False
dbpedia_id_249,HM_id_137,False
dbpedia_id_8090,HM_id_4114,True
dbpedia_id_9638,HM_id_3299,True
dbpedia_id_249,HM_id_229,False
dbpedia_id_249,HM_id_370,False
dbpedia_id_249,HM_id_251,False
dbpedia_id_249,HM_id_137,False
dbpedia_id_1961,HM_id_1771,True
dbpedia_id_249,HM_id_269,False
dbpedia_id_249,HM_id_231,False
dbpedia_id_249,HM_id_268,False
dbpedia_id_249,HM_id_251,False
dbpedia_id_4360,HM_id_3918,True
dbpedia_id_249,HM_id_4710,False
dbpedia_id_249,HM_id_229,False
dbpedia_id_249,HM_id_229,False
dbpedia_id_249,HM_id_269,False
dbpedia_id_9796,HM_id_3042,True
dbpedia_id_249,HM_id_206,False
dbpedia_id_249,HM_id_137,False
dbpedia_id_249,HM_id_269,False
dbpedia_id_3281,HM_id_1395,True
dbpedia_id_4852,HM_id_2603,True
dbpedia_id_249,HM_id_370,False
dbpedia_id_249,HM_id_269,False
dbpedia_id_4045,HM_id_1718,True
dbpedia_id_249,HM_id_212,False
dbpedia_id_249,HM_id_251,False
dbpedia_id_7262,HM_id_2267,True
dbpedia_id_6765,HM_id_2781,True
dbpedia_id_9283,HM_id_2931,True
dbpedia_id_249,HM_id_370,False
dbpedia_id_7870,HM_id_3436,True
dbpedia_id_249,HM_id_269,False
dbpedia_id_5897,HM_id_1338,True
dbpedia_id_2513,HM_id_2989,True
dbpedia_id_2013,HM_id_2511,True
dbpedia_id_249,HM_id_792,False
dbpedia_id_7242,HM_id_3995,True
dbpedia_id_249,HM_id_155,False
dbpedia_id_7159,HM_id_2665,True
dbpedia_id_249,HM_id_231,False
dbpedia_id_249,HM_id_155,False
dbpedia_id_249,HM_id_251,False
dbpedia_id_639,HM_id_1830,True
dbpedia_id_249,HM_id_251,False
dbpedia_id_249,HM_id_137,False
dbpedia_id_249,HM_id_370,False
dbpedia_id_2664,HM_id_3636,True
dbpedia_id_619,HM_id_2594,True
dbpedia_id_249,HM_id_251,False
dbpedia_id_249,HM_id_792,False
dbpedia_id_249,HM_id_330,False
dbpedia_id_249,HM_id_137,False
dbpedia_id_1167,HM_id_1744,True
dbpedia_id_4122,HM_id_3870,True
dbpedia_id_5569,HM_id_2683,True
dbpedia_id_249,HM_id_269,False
dbpedia_id_249,HM_id_137,False
dbpedia_id_4236,HM_id_2667,True
dbpedia_id_249,HM_id_155,False
dbpedia_id_249,HM_id_137,False
dbpedia_id_249,HM_id_251,False
dbpedia_id_5651,HM_id_2130,True
dbpedia_id_249,HM_id_251,False
dbpedia_id_249,HM_id_229,False
dbpedia_id_2151,HM_id_3337,True
dbpedia_id_4007,HM_id_3703,True
dbpedia_id_249,HM_id_251,False
dbpedia_id_2944,HM_id_1584,True
dbpedia_id_249,HM_id_268,False
dbpedia_id_418,HM_id_4140,True
dbpedia_id_249,HM_id_492,False
dbpedia_id_687,HM_id_3298,True
dbpedia_id_249,HM_id_285,False
dbpedia_id_249,HM_id_501,False
dbpedia_id_5637,HM_id_4132,True
dbpedia_id_249,HM_id_4710,False
dbpedia_id_3411,HM_id_1971,True
dbpedia_id_837,HM_id_1563,True
dbpedia_id_249,HM_id_330,False
dbpedia_id_7231,HM_id_1307,True
dbpedia_id_630,HM_id_2743,True
dbpedia_id_9917,HM_id_1834,True
dbpedia_id_249,HM_id_285,False
dbpedia_id_9602,HM_id_2955,True
dbpedia_id_249,HM_id_269,False
dbpedia_id_249,HM_id_370,False
dbpedia_id_9566,HM_id_2798,True
dbpedia_id_249,HM_id_269,False
dbpedia_id_1588,HM_id_3211,True
dbpedia_id_249,HM_id_330,False
dbpedia_id_249,HM_id_251,False
dbpedia_id_7114,HM_id_3974,True
dbpedia_id_1176,HM_id_3687,True
dbpedia_id_3631,HM_id_1267,True
dbpedia_id_6908,HM_id_4222,True
dbpedia_id_249,HM_id_231,False
dbpedia_id_249,HM_id_269,False
dbpedia_id_249,HM_id_137,False
dbpedia_id_249,HM_id_492,False
dbpedia_id_6817,HM_id_3780,True
dbpedia_id_7572,HM_id_1255,True
dbpedia_id_249,HM_id_251,False
dbpedia_id_249,HM_id_137,False
dbpedia_id_1219,HM_id_3861,True
dbpedia_id_249,HM_id_251,False
dbpedia_id_249,HM_id_268,False
dbpedia_id_249,HM_id_229,False
dbpedia_id_249,HM_id_251,False
dbpedia_id_1142,HM_id_2351,True
dbpedia_id_249,HM_id_137,False
dbpedia_id_186,HM_id_4059,True
dbpedia_id_1079,HM_id_1867,True
dbpedia_id_249,HM_id_229,False
dbpedia_id_249,HM_id_501,False
dbpedia_id_2579,HM_id_3992,True
dbpedia_id_249,HM_id_492,False
dbpedia_id_1871,HM_id_2285,True
dbpedia_id_249,HM_id_4710,False
dbpedia_id_249,HM_id_269,False
dbpedia_id_3992,HM_id_4042,True
dbpedia_id_249,HM_id_155,False
dbpedia_id_2599,HM_id_3357,True
dbpedia_id_249,HM_id_285,False
dbpedia_id_249,HM_id_137,False
dbpedia_id_249,HM_id_137,False
dbpedia_id_5324,HM_id_3514,True
dbpedia_id_249,HM_id_203,False
dbpedia_id_249,HM_id_268,False
dbpedia_id_249,HM_id_251,False
dbpedia_id_249,HM_id_4710,False
dbpedia_id_249,HM_id_268,False
dbpedia_id_249,HM_id_231,False
dbpedia_id_249,HM_id_137,False
dbpedia_id_1776,HM_id_3967,True
dbpedia_id_249,HM_id_251,False
dbpedia_id_249,HM_id_155,False
dbpedia_id_249,HM_id_269,False
dbpedia_id_9411,HM_id_1678,True
dbpedia_id_1340,HM_id_2545,True
dbpedia_id_249,HM_id_370,False
dbpedia_id_249,HM_id_268,False
dbpedia_id_3175,HM_id_2896,True
dbpedia_id_8630,HM_id_2437,True
dbpedia_id_249,HM_id_268,False
dbpedia_id_249,HM_id_137,False
dbpedia_id_1118,HM_id_2677,True
dbpedia_id_1419,HM_id_2341,True
dbpedia_id_3358,HM_id_3448,True
dbpedia_id_4699,HM_id_1037,True
dbpedia_id_249,HM_id_231,False
dbpedia_id_249,HM_id_268,False
dbpedia_id_249,HM_id_155,False
dbpedia_id_249,HM_id_155,False
dbpedia_id_249,HM_id_206,False
dbpedia_id_9519,HM_id_3098,True
dbpedia_id_249,HM_id_4710,False
dbpedia_id_249,HM_id_231,False
dbpedia_id_3167,HM_id_3383,True
dbpedia_id_249,HM_id_155,False
dbpedia_id_249,HM_id_792,False
dbpedia_id_9900,HM_id_2119,True
dbpedia_id_6993,HM_id_2361,True
dbpedia_id_249,HM_id_285,False
dbpedia_id_8137,HM_id_3269,True
dbpedia_id_1525,HM_id_4678,True
dbpedia_id_9148,HM_id_2464,True
dbpedia_id_1595,HM_id_4023,True
dbpedia_id_2626,HM_id_3738,True
dbpedia_id_2026,HM_id_1470,True
dbpedia_id_303,HM_id_3769,True
dbpedia_id_249,HM_id_269,False
dbpedia_id_249,HM_id_287,False
dbpedia_id_249,HM_id_155,False
dbpedia_id_249,HM_id_269,False
dbpedia_id_249,HM_id_268,False
dbpedia_id_249,HM_id_137,False
dbpedia_id_249,HM_id_251,False
dbpedia_id_249,HM_id_268,False
dbpedia_id_249,HM_id_137,False
dbpedia_id_249,HM_id_330,False
dbpedia_id_249,HM_id_203,False
dbpedia_id_2058,HM_id_2728,True
dbpedia_id_249,HM_id_792,False
dbpedia_id_249,HM_id_268,False
dbpedia_id_249,HM_id_268,False
dbpedia_id_1591,HM_id_1360,True
dbpedia_id_249,HM_id_269,False
dbpedia_id_9136,HM_id_1404,True
dbpedia_id_1112,HM_id_2424,True
dbpedia_id_249,HM_id_137,False
dbpedia_id_5200,HM_id_2055,True
dbpedia_id_6984,HM_id_2740,True
dbpedia_id_7011,HM_id_1755,True
dbpedia_id_249,HM_id_285,False
dbpedia_id_1093,HM_id_1986,True
dbpedia_id_249,HM_id_155,False
dbpedia_id_249,HM_id_268,False
dbpedia_id_249,HM_id_251,False
dbpedia_id_809,HM_id_2899,True
dbpedia_id_249,HM_id_137,False
dbpedia_id_10046,HM_id_2557,True
dbpedia_id_2451,HM_id_2336,True
dbpedia_id_4213,HM_id_4235,True
dbpedia_id_249,HM_id_370,False
dbpedia_id_2733,HM_id_2398,True
dbpedia_id_249,HM_id_251,False
dbpedia_id_6790,HM_id_2670,True
dbpedia_id_249,HM_id_285,False
dbpedia_id_7335,HM_id_2604,True
dbpedia_id_249,HM_id_137,False
dbpedia_id_249,HM_id_792,False
dbpedia_id_2643,HM_id_3029,True
dbpedia_id_249,HM_id_268,False
dbpedia_id_3236,HM_id_2626,True
dbpedia_id_9788,HM_id_3039,True
dbpedia_id_249,HM_id_251,False
dbpedia_id_5286,HM_id_2950,True
dbpedia_id_6808,HM_id_2486,True
dbpedia_id_5198,HM_id_3645,True
dbpedia_id_4043,HM_id_3001,True
dbpedia_id_249,HM_id_229,False
dbpedia_id_249,HM_id_269,False
dbpedia_id_1029,HM_id_1972,True
dbpedia_id_9503,HM_id_1192,True
dbpedia_id_249,HM_id_229,False
dbpedia_id_2624,HM_id_1786,True
dbpedia_id_249,HM_id_229,False
dbpedia_id_8369,HM_id_4619,True
dbpedia_id_249,HM_id_155,False
dbpedia_id_5458,HM_id_2265,True
dbpedia_id_2595,HM_id_1652,True
dbpedia_id_1505,HM_id_1335,True
dbpedia_id_249,HM_id_285,False
dbpedia_id_3643,HM_id_2719,True
dbpedia_id_249,HM_id_268,False
dbpedia_id_249,HM_id_1358,False
dbpedia_id_249,HM_id_231,False
dbpedia_id_249,HM_id_269,False
dbpedia_id_10027,HM_id_3598,True
dbpedia_id_6921,HM_id_3255,True
dbpedia_id_6957,HM_id_3697,True
dbpedia_id_249,HM_id_285,False
dbpedia_id_6760,HM_id_2352,True
dbpedia_id_637,HM_id_4848,True
dbpedia_id_5452,HM_id_2482,True
dbpedia_id_6545,HM_id_4814,True
dbpedia_id_249,HM_id_251,False
dbpedia_id_1515,HM_id_3023,True
dbpedia_id_249,HM_id_206,False
dbpedia_id_5634,HM_id_4081,True
dbpedia_id_5476,HM_id_3700,True
dbpedia_id_249,HM_id_268,False
dbpedia_id_249,HM_id_231,False
dbpedia_id_10086,HM_id_3377,True
dbpedia_id_249,HM_id_137,False
dbpedia_id_249,HM_id_268,False
dbpedia_id_7412,HM_id_2720,True
dbpedia_id_5449,HM_id_3045,True
dbpedia_id_249,HM_id_251,False
dbpedia_id_249,HM_id_4710,False
dbpedia_id_9586,HM_id_1006,True
dbpedia_id_249,HM_id_492,False
dbpedia_id_249,HM_id_4710,False
dbpedia_id_249,HM_id_229,False
dbpedia_id_249,HM_id_231,False
dbpedia_id_249,HM_id_206,False
dbpedia_id_249,HM_id_370,False
dbpedia_id_249,HM_id_155,False
dbpedia_id_249,HM_id_231,False
dbpedia_id_249,HM_id_268,False
dbpedia_id_249,HM_id_231,False
dbpedia_id_249,HM_id_212,False
dbpedia_id_249,HM_id_231,False
dbpedia_id_249,HM_id_251,False
dbpedia_id_1560,HM_id_2009,True
dbpedia_id_249,HM_id_231,False
dbpedia_id_4020,HM_id_3525,True
dbpedia_id_249,HM_id_792,False
dbpedia_id_2068,HM_id_1051,True
dbpedia_id_3980,HM_id_1305,True
dbpedia_id_1976,HM_id_2322,True
dbpedia_id_6222,HM_id_4554,True
dbpedia_id_249,HM_id_251,False
dbpedia_id_249,HM_id_330,False
dbpedia_id_249,HM_id_251,False
dbpedia_id_249,HM_id_287,False
dbpedia_id_7955,HM_id_3076,True
dbpedia_id_1316,HM_id_2806,True
dbpedia_id_2304,HM_id_3507,True
dbpedia_id_249,HM_id_268,False
dbpedia_id_249,HM_id_330,False
dbpedia_id_249,HM_id_268,False
dbpedia_id_9375,HM_id_2870,True
dbpedia_id_249,HM_id_231,False
dbpedia_id_249,HM_id_268,False
dbpedia_id_249,HM_id_4710,False
dbpedia_id_249,HM_id_137,False
dbpedia_id_249,HM_id_231,False
dbpedia_id_1539,HM_id_2844,True
dbpedia_id_249,HM_id_501,False
dbpedia_id_7081,HM_id_3950,True
dbpedia_id_3157,HM_id_1077,True
dbpedia_id_2648,HM_id_3947,True
dbpedia_id_249,HM_id_229,False
dbpedia_id_7458,HM_id_1955,True
dbpedia_id_249,HM_id_155,False
dbpedia_id_4193,HM_id_2079,True
dbpedia_id_3268,HM_id_4811,True
dbpedia_id_249,HM_id_137,False
dbpedia_id_249,HM_id_330,False
dbpedia_id_9125,HM_id_1504,True
dbpedia_id_965,HM_id_3906,True
dbpedia_id_249,HM_id_229,False
dbpedia_id_8196,HM_id_2296,True
dbpedia_id_1152,HM_id_2674,True
dbpedia_id_1567,HM_id_3149,True
dbpedia_id_249,HM_id_251,False
dbpedia_id_1929,HM_id_1251,True
dbpedia_id_1551,HM_id_2042,True
dbpedia_id_6965,HM_id_4160,True
dbpedia_id_3223,HM_id_2105,True
dbpedia_id_249,HM_id_330,False
dbpedia_id_249,HM_id_251,False
dbpedia_id_3940,HM_id_2260,True
dbpedia_id_5131,HM_id_3914,True
dbpedia_id_9878,HM_id_2832,True
dbpedia_id_4284,HM_id_4196,True
dbpedia_id_1960,HM_id_4556,True
dbpedia_id_9962,HM_id_2706,True
dbpedia_id_1263,HM_id_1751,True
dbpedia_id_4183,HM_id_1726,True
dbpedia_id_249,HM_id_269,False
dbpedia_id_736,HM_id_4069,True
dbpedia_id_5482,HM_id_1634,True
dbpedia_id_249,HM_id_330,False
dbpedia_id_9489,HM_id_3764,True
dbpedia_id_249,HM_id_251,False
dbpedia_id_8517,HM_id_3372,True
dbpedia_id_200,HM_id_1273,True
dbpedia_id_1148,HM_id_2701,True
dbpedia_id_249,HM_id_330,False
dbpedia_id_249,HM_id_268,False
dbpedia_id_5419,HM_id_2060,True
dbpedia_id_1844,HM_id_1887,True
dbpedia_id_9700,HM_id_3682,True
dbpedia_id_10047,HM_id_3049,True
dbpedia_id_1325,HM_id_2791,True
dbpedia_id_249,HM_id_137,False
dbpedia_id_3309,HM_id_3208,True
dbpedia_id_5519,HM_id_3744,True
dbpedia_id_249,HM_id_269,False
dbpedia_id_249,HM_id_268,False
dbpedia_id_9123,HM_id_2263,True
dbpedia_id_249,HM_id_212,False
dbpedia_id_249,HM_id_269,False
dbpedia_id_218,HM_id_2593,True
dbpedia_id_249,HM_id_155,False
dbpedia_id_249,HM_id_137,False
dbpedia_id_249,HM_id_137,False
dbpedia_id_249,HM_id_155,False
dbpedia_id_1122,HM_id_3964,True
dbpedia_id_249,HM_id_251,False
dbpedia_id_249,HM_id_792,False
dbpedia_id_249,HM_id_269,False
dbpedia_id_249,HM_id_268,False
dbpedia_id_249,HM_id_330,False
dbpedia_id_249,HM_id_231,False
dbpedia_id_249,HM_id_206,False
dbpedia_id_1425,HM_id_2122,True
dbpedia_id_9239,HM_id_3872,True
dbpedia_id_249,HM_id_251,False
dbpedia_id_1128,HM_id_2027,True
dbpedia_id_249,HM_id_370,False
dbpedia_id_249,HM_id_268,False
dbpedia_id_249,HM_id_330,False
dbpedia_id_249,HM_id_231,False
dbpedia_id_249,HM_id_268,False
dbpedia_id_249,HM_id_231,False
dbpedia_id_2110,HM_id_1788,True
dbpedia_id_7122,HM_id_2235,True
dbpedia_id_5526,HM_id_3281,True
dbpedia_id_249,HM_id_268,False
dbpedia_id_3965,HM_id_3451,True
dbpedia_id_1235,HM_id_2782,True
dbpedia_id_249,HM_id_231,False
dbpedia_id_7125,HM_id_1383,True
dbpedia_id_249,HM_id_370,False
dbpedia_id_249,HM_id_269,False
dbpedia_id_249,HM_id_231,False
dbpedia_id_249,HM_id_203,False
dbpedia_id_9915,HM_id_2547,True
dbpedia_id_10099,HM_id_3893,True
dbpedia_id_249,HM_id_231,False
dbpedia_id_249,HM_id_206,False
dbpedia_id_1647,HM_id_4380,True
dbpedia_id_249,HM_id_330,False
dbpedia_id_3179,HM_id_4045,True
dbpedia_id_249,HM_id_268,False
dbpedia_id_6172,HM_id_3056,True
dbpedia_id_1588,HM_id_3948,True
dbpedia_id_249,HM_id_137,False
dbpedia_id_8244,HM_id_2019,True
dbpedia_id_3764,HM_id_3787,True
dbpedia_id_249,HM_id_501,False
dbpedia_id_249,HM_id_268,False
dbpedia_id_249,HM_id_212,False
dbpedia_id_249,HM_id_268,False
dbpedia_id_6702,HM_id_3434,True
dbpedia_id_249,HM_id_251,False
dbpedia_id_1152,HM_id_2675,True
dbpedia_id_2364,HM_id_1668,True
dbpedia_id_249,HM_id_268,False
dbpedia_id_249,HM_id_330,False
dbpedia_id_1620,HM_id_3730,True
dbpedia_id_249,HM_id_792,False
dbpedia_id_249,HM_id_231,False
dbpedia_id_7216,HM_id_2050,True
dbpedia_id_249,HM_id_137,False
dbpedia_id_249,HM_id_206,False
dbpedia_id_249,HM_id_137,False
dbpedia_id_249,HM_id_268,False
dbpedia_id_249,HM_id_155,False
dbpedia_id_249,HM_id_268,False
dbpedia_id_4530,HM_id_1564,True
dbpedia_id_249,HM_id_4710,False
dbpedia_id_249,HM_id_251,False
dbpedia_id_249,HM_id_229,False
dbpedia_id_249,HM_id_269,False
dbpedia_id_249,HM_id_269,False
dbpedia_id_6936,HM_id_2048,True
dbpedia_id_4085,HM_id_2223,True
dbpedia_id_9338,HM_id_2331,True
dbpedia_id_249,HM_id_231,False
dbpedia_id_249,HM_id_268,False
dbpedia_id_249,HM_id_268,False
dbpedia_id_7303,HM_id_3065,True
dbpedia_id_249,HM_id_330,False
dbpedia_id_7307,HM_id_2095,True
dbpedia_id_249,HM_id_492,False
dbpedia_id_1604,HM_id_2671,True
dbpedia_id_4035,HM_id_3358,True
dbpedia_id_249,HM_id_268,False
dbpedia_id_249,HM_id_268,False
dbpedia_id_249,HM_id_137,False
dbpedia_id_249,HM_id_155,False
dbpedia_id_7477,HM_id_2131,True
dbpedia_id_249,HM_id_251,False
dbpedia_id_249,HM_id_155,False
dbpedia_id_249,HM_id_229,False
dbpedia_id_5317,HM_id_2882,True
dbpedia_id_249,HM_id_330,False
dbpedia_id_249,HM_id_268,False
dbpedia_id_9270,HM_id_3447,True
dbpedia_id_249,HM_id_231,False
dbpedia_id_249,HM_id_229,False
dbpedia_id_249,HM_id_229,False
dbpedia_id_249,HM_id_285,False
dbpedia_id_249,HM_id_137,False
dbpedia_id_249,HM_id_251,False
dbpedia_id_5092,HM_id_2945,True
dbpedia_id_249,HM_id_268,False
dbpedia_id_249,HM_id_269,False
dbpedia_id_249,HM_id_229,False
dbpedia_id_4180,HM_id_3671,True
dbpedia_id_3151,HM_id_3180,True
dbpedia_id_249,HM_id_231,False
dbpedia_id_249,HM_id_231,False
dbpedia_id_249,HM_id_229,False
dbpedia_id_249,HM_id_231,False
dbpedia_id_249,HM_id_269,False
dbpedia_id_249,HM_id_501,False
dbpedia_id_249,HM_id_203,False
dbpedia_id_249,HM_id_251,False
dbpedia_id_249,HM_id_137,False
dbpedia_id_249,HM_id_269,False
dbpedia_id_249,HM_id_268,False
dbpedia_id_249,HM_id_231,False
dbpedia_id_1491,HM_id_2635,True
dbpedia_id_249,HM_id_269,False
dbpedia_id_249,HM_id_231,False
dbpedia_id_249,HM_id_231,False
dbpedia_id_249,HM_id_229,False
dbpedia_id_249,HM_id_4710,False
dbpedia_id_249,HM_id_268,False
dbpedia_id_249,HM_id_268,False
dbpedia_id_249,HM_id_268,False
dbpedia_id_3981,HM_id_3686,True
dbpedia_id_249,HM_id_231,False
dbpedia_id_249,HM_id_155,False
dbpedia_id_718,HM_id_1183,True
dbpedia_id_9749,HM_id_3599,True
dbpedia_id_249,HM_id_492,False
dbpedia_id_6513,HM_id_4039,True
dbpedia_id_249,HM_id_251,False
dbpedia_id_249,HM_id_251,False
dbpedia_id_249,HM_id_330,False
dbpedia_id_866,HM_id_3977,True
dbpedia_id_249,HM_id_370,False
dbpedia_id_249,HM_id_251,False
dbpedia_id_7192,HM_id_2930,True
dbpedia_id_249,HM_id_287,False
dbpedia_id_249,HM_id_269,False
dbpedia_id_249,HM_id_231,False
dbpedia_id_2514,HM_id_2697,True
dbpedia_id_1064,HM_id_4079,True
dbpedia_id_249,HM_id_269,False
dbpedia_id_249,HM_id_155,False
dbpedia_id_249,HM_id_212,False
dbpedia_id_249,HM_id_792,False
dbpedia_id_5961,HM_id_1995,True
dbpedia_id_1504,HM_id_1915,True
dbpedia_id_249,HM_id_137,False
dbpedia_id_249,HM_id_137,False
dbpedia_id_6858,HM_id_3264,True
dbpedia_id_249,HM_id_268,False
dbpedia_id_7197,HM_id_3093,True
dbpedia_id_8709,HM_id_4442,True
dbpedia_id_1120,HM_id_1493,True
dbpedia_id_249,HM_id_251,False
dbpedia_id_249,HM_id_268,False
dbpedia_id_249,HM_id_268,False
dbpedia_id_7120,HM_id_1822,True
dbpedia_id_249,HM_id_268,False
dbpedia_id_249,HM_id_229,False
dbpedia_id_6410,HM_id_4719,True
dbpedia_id_6293,HM_id_3952,True
dbpedia_id_249,HM_id_1358,False
dbpedia_id_1219,HM_id_3286,True
dbpedia_id_249,HM_id_330,False
dbpedia_id_7259,HM_id_3455,True
dbpedia_id_249,HM_id_229,False
dbpedia_id_1981,HM_id_3135,True
dbpedia_id_249,HM_id_155,False
dbpedia_id_249,HM_id_269,False
dbpedia_id_6804,HM_id_3657,True
dbpedia_id_7306,HM_id_4005,True
dbpedia_id_249,HM_id_229,False
dbpedia_id_249,HM_id_155,False
dbpedia_id_249,HM_id_231,False
dbpedia_id_249,HM_id_251,False
dbpedia_id_249,HM_id_206,False
dbpedia_id_249,HM_id_269,False
dbpedia_id_249,HM_id_229,False
dbpedia_id_9238,HM_id_1586,True
dbpedia_id_249,HM_id_229,False
dbpedia_id_5376,HM_id_4185,True
dbpedia_id_6784,HM_id_1548,True
dbpedia_id_586,HM_id_1864,True
dbpedia_id_249,HM_id_231,False
dbpedia_id_249,HM_id_330,False
dbpedia_id_249,HM_id_231,False
dbpedia_id_4154,HM_id_3127,True
dbpedia_id_249,HM_id_231,False
dbpedia_id_249,HM_id_137,False
dbpedia_id_249,HM_id_269,False
dbpedia_id_249,HM_id_155,False
dbpedia_id_4157,HM_id_1811,True
dbpedia_id_249,HM_id_251,False
dbpedia_id_249,HM_id_137,False
dbpedia_id_249,HM_id_269,False
dbpedia_id_249,HM_id_231,False
dbpedia_id_249,HM_id_231,False
dbpedia_id_249,HM_id_285,False
dbpedia_id_249,HM_id_137,False
dbpedia_id_249,HM_id_268,False
dbpedia_id_6714,HM_id_2310,True
dbpedia_id_1248,HM_id_2859,True
dbpedia_id_1490,HM_id_2409,True
dbpedia_id_249,HM_id_330,False
dbpedia_id_249,HM_id_268,False
dbpedia_id_249,HM_id_269,False
dbpedia_id_249,HM_id_269,False
dbpedia_id_5505,HM_id_1900,True
dbpedia_id_7083,HM_id_3609,True
dbpedia_id_249,HM_id_251,False
dbpedia_id_249,HM_id_231,False
dbpedia_id_1090,HM_id_2721,True
dbpedia_id_4731,HM_id_2274,True
dbpedia_id_4252,HM_id_2801,True
dbpedia_id_249,HM_id_206,False
dbpedia_id_1088,HM_id_3380,True
dbpedia_id_1631,HM_id_4487,True
dbpedia_id_249,HM_id_229,False
dbpedia_id_249,HM_id_269,False
dbpedia_id_7179,HM_id_3122,True
dbpedia_id_1993,HM_id_1780,True
dbpedia_id_7274,HM_id_3900,True
dbpedia_id_3730,HM_id_1277,True
dbpedia_id_4914,HM_id_2849,True
dbpedia_id_249,HM_id_268,False
dbpedia_id_249,HM_id_330,False
dbpedia_id_249,HM_id_330,False
dbpedia_id_249,HM_id_1358,False
dbpedia_id_7973,HM_id_1882,True
dbpedia_id_5708,HM_id_1761,True
dbpedia_id_249,HM_id_251,False
dbpedia_id_346,HM_id_3819,True
dbpedia_id_249,HM_id_285,False
dbpedia_id_249,HM_id_231,False
dbpedia_id_249,HM_id_251,False
dbpedia_id_249,HM_id_229,False
dbpedia_id_249,HM_id_155,False
dbpedia_id_2647,HM_id_3084,True
dbpedia_id_8806,HM_id_1930,True
dbpedia_id_9599,HM_id_2754,True
dbpedia_id_2608,HM_id_1991,True
dbpedia_id_4058,HM_id_2904,True
dbpedia_id_939,HM_id_4062,True
dbpedia_id_2491,HM_id_2435,True
dbpedia_id_5434,HM_id_2968,True
dbpedia_id_8208,HM_id_1981,True
dbpedia_id_1616,HM_id_2117,True
dbpedia_id_249,HM_id_330,False
dbpedia_id_249,HM_id_212,False
dbpedia_id_249,HM_id_268,False
dbpedia_id_9769,HM_id_2627,True
dbpedia_id_249,HM_id_1358,False
dbpedia_id_249,HM_id_137,False
dbpedia_id_9284,HM_id_4805,True
dbpedia_id_5456,HM_id_4486,True
dbpedia_id_9905,HM_id_1878,True
dbpedia_id_2065,HM_id_3756,True
dbpedia_id_1086,HM_id_4393,True
dbpedia_id_249,HM_id_231,False
dbpedia_id_5499,HM_id_1032,True
dbpedia_id_5533,HM_id_2304,True
dbpedia_id_2532,HM_id_4509,True
dbpedia_id_249,HM_id_269,False
dbpedia_id_249,HM_id_268,False
dbpedia_id_8406,HM_id_3375,True
dbpedia_id_1584,HM_id_2264,True
dbpedia_id_249,HM_id_330,False
dbpedia_id_249,HM_id_137,False
dbpedia_id_249,HM_id_330,False
dbpedia_id_5347,HM_id_2037,True
dbpedia_id_1168,HM_id_2148,True
dbpedia_id_2301,HM_id_4490,True
dbpedia_id_3262,HM_id_2447,True
dbpedia_id_249,HM_id_251,False
dbpedia_id_249,HM_id_206,False
dbpedia_id_9355,HM_id_3714,True
dbpedia_id_3370,HM_id_4007,True
dbpedia_id_5142,HM_id_4713,True
dbpedia_id_9108,HM_id_3619,True
dbpedia_id_249,HM_id_268,False
dbpedia_id_249,HM_id_268,False
dbpedia_id_249,HM_id_268,False
dbpedia_id_159,HM_id_1779,True
dbpedia_id_249,HM_id_231,False
dbpedia_id_249,HM_id_212,False
dbpedia_id_249,HM_id_268,False
dbpedia_id_2303,HM_id_3518,True
dbpedia_id_10034,HM_id_4100,True
dbpedia_id_7724,HM_id_4210,True
dbpedia_id_171,HM_id_4152,True
dbpedia_id_249,HM_id_229,False
dbpedia_id_249,HM_id_231,False
dbpedia_id_249,HM_id_203,False
dbpedia_id_3227,HM_id_3362,True
dbpedia_id_249,HM_id_268,False
dbpedia_id_1107,HM_id_2413,True
dbpedia_id_9432,HM_id_2137,True
dbpedia_id_249,HM_id_285,False
dbpedia_id_249,HM_id_330,False
dbpedia_id_249,HM_id_268,False
dbpedia_id_9294,HM_id_3217,True
dbpedia_id_551,HM_id_2227,True
dbpedia_id_249,HM_id_269,False
dbpedia_id_249,HM_id_268,False
dbpedia_id_1501,HM_id_3719,True
dbpedia_id_5564,HM_id_3648,True
dbpedia_id_2557,HM_id_1492,True
dbpedia_id_249,HM_id_330,False
dbpedia_id_249,HM_id_137,False
dbpedia_id_2779,HM_id_1577,True
dbpedia_id_249,HM_id_137,False
dbpedia_id_3890,HM_id_4084,True
dbpedia_id_2216,HM_id_3997,True
dbpedia_id_5488,HM_id_3586,True
dbpedia_id_249,HM_id_269,False
dbpedia_id_1010,HM_id_2730,True
dbpedia_id_249,HM_id_137,False
dbpedia_id_249,HM_id_268,False
dbpedia_id_249,HM_id_268,False
dbpedia_id_249,HM_id_268,False
dbpedia_id_249,HM_id_4710,False
dbpedia_id_2619,HM_id_2890,True
dbpedia_id_249,HM_id_792,False
dbpedia_id_249,HM_id_269,False
dbpedia_id_249,HM_id_231,False
dbpedia_id_249,HM_id_269,False
dbpedia_id_249,HM_id_268,False
dbpedia_id_249,HM_id_370,False
dbpedia_id_249,HM_id_231,False
dbpedia_id_9899,HM_id_1282,True
dbpedia_id_947,HM_id_4650,True
dbpedia_id_249,HM_id_155,False
dbpedia_id_6907,HM_id_3305,True
dbpedia_id_249,HM_id_1358,False
dbpedia_id_10086,HM_id_1367,True
dbpedia_id_249,HM_id_231,False
dbpedia_id_249,HM_id_251,False
dbpedia_id_1523,HM_id_2407,True
dbpedia_id_249,HM_id_137,False
dbpedia_id_249,HM_id_501,False
dbpedia_id_7100,HM_id_3465,True
dbpedia_id_249,HM_id_229,False
dbpedia_id_9081,HM_id_2146,True
dbpedia_id_3191,HM_id_1411,True
dbpedia_id_249,HM_id_268,False
dbpedia_id_249,HM_id_285,False
dbpedia_id_249,HM_id_137,False
dbpedia_id_249,HM_id_251,False
dbpedia_id_249,HM_id_269,False
dbpedia_id_249,HM_id_229,False
dbpedia_id_249,HM_id_251,False
dbpedia_id_249,HM_id_268,False
dbpedia_id_249,HM_id_251,False
dbpedia_id_2625,HM_id_3969,True
dbpedia_id_6965,HM_id_2394,True
dbpedia_id_249,HM_id_231,False
dbpedia_id_249,HM_id_231,False
dbpedia_id_2015,HM_id_2496,True
dbpedia_id_7265,HM_id_3121,True
dbpedia_id_249,HM_id_4710,False
dbpedia_id_709,HM_id_1327,True
dbpedia_id_2036,HM_id_4058,True
dbpedia_id_3207,HM_id_1967,True
dbpedia_id_249,HM_id_268,False
dbpedia_id_2617,HM_id_2251,True
dbpedia_id_4136,HM_id_3315,True
dbpedia_id_249,HM_id_251,False
dbpedia_id_7297,HM_id_2802,True
dbpedia_id_249,HM_id_269,False
dbpedia_id_9677,HM_id_3311,True
dbpedia_id_249,HM_id_269,False
dbpedia_id_1520,HM_id_2257,True
dbpedia_id_249,HM_id_231,False
dbpedia_id_884,HM_id_4579,True
dbpedia_id_5417,HM_id_1643,True
dbpedia_id_3250,HM_id_1621,True
dbpedia_id_249,HM_id_231,False
dbpedia_id_249,HM_id_212,False
dbpedia_id_249,HM_id_231,False
dbpedia_id_3149,HM_id_3129,True
dbpedia_id_5608,HM_id_3524,True
dbpedia_id_249,HM_id_231,False
dbpedia_id_249,HM_id_268,False
dbpedia_id_249,HM_id_212,False
dbpedia_id_249,HM_id_501,False
dbpedia_id_366,HM_id_3221,True
dbpedia_id_1515,HM_id_2365,True
dbpedia_id_249,HM_id_229,False
dbpedia_id_5337,HM_id_3937,True
dbpedia_id_1097,HM_id_3110,True
dbpedia_id_249,HM_id_155,False
dbpedia_id_2435,HM_id_1463,True
dbpedia_id_249,HM_id_269,False
dbpedia_id_249,HM_id_231,False
dbpedia_id_9574,HM_id_2333,True
dbpedia_id_249,HM_id_287,False
dbpedia_id_249,HM_id_792,False
dbpedia_id_1953,HM_id_3148,True
dbpedia_id_1592,HM_id_3458,True
dbpedia_id_1361,HM_id_1852,True
dbpedia_id_249,HM_id_268,False
dbpedia_id_249,HM_id_251,False
dbpedia_id_1550,HM_id_3956,True
dbpedia_id_249,HM_id_269,False
dbpedia_id_9266,HM_id_2615,True
dbpedia_id_249,HM_id_206,False
dbpedia_id_7441,HM_id_2686,True
dbpedia_id_9562,HM_id_2530,True
dbpedia_id_249,HM_id_137,False
dbpedia_id_249,HM_id_231,False
dbpedia_id_1638,HM_id_1265,True
dbpedia_id_249,HM_id_251,False
dbpedia_id_2810,HM_id_4075,True
dbpedia_id_8209,HM_id_1725,True
dbpedia_id_9214,HM_id_2768,True
dbpedia_id_249,HM_id_268,False
dbpedia_id_4204,HM_id_3069,True
dbpedia_id_249,HM_id_4710,False
dbpedia_id_249,HM_id_330,False
dbpedia_id_249,HM_id_231,False
dbpedia_id_4461,HM_id_3839,True
dbpedia_id_249,HM_id_155,False
dbpedia_id_249,HM_id_268,False
dbpedia_id_249,HM_id_269,False
dbpedia_id_249,HM_id_269,False
dbpedia_id_9315,HM_id_2383,True
dbpedia_id_1532,HM_id_1951,True
dbpedia_id_3000,HM_id_3817,True
dbpedia_id_249,HM_id_212,False
dbpedia_id_2654,HM_id_3865,True
dbpedia_id_1982,HM_id_2157,True
dbpedia_id_249,HM_id_251,False
dbpedia_id_249,HM_id_251,False
dbpedia_id_3240,HM_id_2546,True
dbpedia_id_249,HM_id_268,False
dbpedia_id_249,HM_id_155,False
dbpedia_id_7187,HM_id_1601,True
dbpedia_id_249,HM_id_269,False
dbpedia_id_249,HM_id_231,False
dbpedia_id_249,HM_id_206,False
dbpedia_id_9278,HM_id_3512,True
dbpedia_id_249,HM_id_231,False
dbpedia_id_4097,HM_id_3732,True
dbpedia_id_2473,HM_id_4829,True
dbpedia_id_249,HM_id_206,False
dbpedia_id_115,HM_id_1985,True
dbpedia_id_249,HM_id_268,False
dbpedia_id_249,HM_id_137,False
dbpedia_id_1605,HM_id_2425,True
dbpedia_id_792,HM_id_3826,True
dbpedia_id_3186,HM_id_3132,True
dbpedia_id_249,HM_id_268,False
dbpedia_id_4260,HM_id_3248,True
dbpedia_id_249,HM_id_137,False
dbpedia_id_249,HM_id_137,False
dbpedia_id_249,HM_id_137,False
dbpedia_id_249,HM_id_137,False
dbpedia_id_249,HM_id_231,False
dbpedia_id_249,HM_id_251,False
dbpedia_id_249,HM_id_137,False
dbpedia_id_249,HM_id_231,False
dbpedia_id_4240,HM_id_2229,True
dbpedia_id_6763,HM_id_4259,True
dbpedia_id_249,HM_id_268,False
dbpedia_id_249,HM_id_231,False
dbpedia_id_249,HM_id_269,False
dbpedia_id_249,HM_id_229,False
dbpedia_id_249,HM_id_231,False
dbpedia_id_249,HM_id_137,False
dbpedia_id_1102,HM_id_1653,True
dbpedia_id_7413,HM_id_1670,True
dbpedia_id_9200,HM_id_3689,True
dbpedia_id_2594,HM_id_3249,True
dbpedia_id_249,HM_id_287,False
dbpedia_id_2180,HM_id_2475,True
dbpedia_id_249,HM_id_137,False
dbpedia_id_249,HM_id_792,False
dbpedia_id_249,HM_id_137,False
dbpedia_id_9438,HM_id_1658,True
dbpedia_id_249,HM_id_137,False
dbpedia_id_5728,HM_id_4326,True
dbpedia_id_5017,HM_id_4135,True
dbpedia_id_249,HM_id_231,False
dbpedia_id_249,HM_id_231,False
dbpedia_id_249,HM_id_231,False
dbpedia_id_249,HM_id_155,False
dbpedia_id_1154,HM_id_2912,True
dbpedia_id_8192,HM_id_1483,True
dbpedia_id_249,HM_id_268,False
dbpedia_id_1164,HM_id_3289,True
dbpedia_id_249,HM_id_229,False
dbpedia_id_4211,HM_id_2788,True
dbpedia_id_249,HM_id_4710,False
dbpedia_id_1071,HM_id_1904,True
dbpedia_id_7596,HM_id_3597,True
dbpedia_id_4683,HM_id_4589,True
dbpedia_id_249,HM_id_155,False
dbpedia_id_249,HM_id_287,False
dbpedia_id_9570,HM_id_1829,True
dbpedia_id_6832,HM_id_2822,True
dbpedia_id_249,HM_id_268,False
dbpedia_id_1094,HM_id_3368,True
dbpedia_id_249,HM_id_137,False
dbpedia_id_249,HM_id_330,False
dbpedia_id_249,HM_id_137,False
dbpedia_id_249,HM_id_4710,False
dbpedia_id_249,HM_id_231,False
dbpedia_id_8072,HM_id_1762,True
dbpedia_id_5338,HM_id_2323,True
dbpedia_id_249,HM_id_268,False
dbpedia_id_7124,HM_id_1525,True
dbpedia_id_249,HM_id_229,False
dbpedia_id_7475,HM_id_3767,True
dbpedia_id_249,HM_id_492,False
dbpedia_id_2524,HM_id_2541,True
dbpedia_id_7237,HM_id_3157,True
dbpedia_id_249,HM_id_4710,False
dbpedia_id_249,HM_id_492,False
dbpedia_id_249,HM_id_492,False
dbpedia_id_249,HM_id_4710,False
dbpedia_id_9474,HM_id_2156,True
dbpedia_id_9403,HM_id_3878,True
dbpedia_id_249,HM_id_212,False
dbpedia_id_2900,HM_id_2977,True
dbpedia_id_249,HM_id_268,False
dbpedia_id_249,HM_id_231,False
dbpedia_id_249,HM_id_268,False
dbpedia_id_249,HM_id_330,False
dbpedia_id_249,HM_id_137,False
dbpedia_id_249,HM_id_229,False
dbpedia_id_2604,HM_id_3126,True
dbpedia_id_3423,HM_id_3537,True
dbpedia_id_249,HM_id_269,False
dbpedia_id_3251,HM_id_2680,True
dbpedia_id_249,HM_id_4710,False
dbpedia_id_249,HM_id_137,False
dbpedia_id_249,HM_id_155,False
dbpedia_id_249,HM_id_231,False
dbpedia_id_249,HM_id_229,False
dbpedia_id_6525,HM_id_4143,True
dbpedia_id_249,HM_id_231,False
dbpedia_id_249,HM_id_268,False
dbpedia_id_7369,HM_id_2951,True
dbpedia_id_249,HM_id_155,False
dbpedia_id_1537,HM_id_4530,True
dbpedia_id_249,HM_id_501,False
dbpedia_id_2869,HM_id_3790,True
dbpedia_id_249,HM_id_268,False
dbpedia_id_7021,HM_id_2724,True
dbpedia_id_249,HM_id_231,False
dbpedia_id_249,HM_id_155,False
dbpedia_id_6249,HM_id_3683,True
dbpedia_id_5360,HM_id_3155,True
dbpedia_id_3985,HM_id_3979,True
dbpedia_id_883,HM_id_4631,True
dbpedia_id_2642,HM_id_2007,True
dbpedia_id_2041,HM_id_1099,True
dbpedia_id_4123,HM_id_1087,True
dbpedia_id_249,HM_id_268,False
dbpedia_id_249,HM_id_137,False
dbpedia_id_249,HM_id_501,False
dbpedia_id_249,HM_id_231,False
dbpedia_id_249,HM_id_269,False
dbpedia_id_3948,HM_id_2063,True
dbpedia_id_1943,HM_id_2232,True
dbpedia_id_249,HM_id_268,False
dbpedia_id_249,HM_id_137,False
dbpedia_id_249,HM_id_492,False
dbpedia_id_249,HM_id_155,False
dbpedia_id_249,HM_id_231,False
dbpedia_id_9423,HM_id_2141,True
dbpedia_id_2556,HM_id_1210,True
dbpedia_id_249,HM_id_137,False
dbpedia_id_2548,HM_id_3662,True
dbpedia_id_249,HM_id_268,False
dbpedia_id_249,HM_id_137,False
dbpedia_id_249,HM_id_370,False
dbpedia_id_249,HM_id_4710,False
dbpedia_id_249,HM_id_229,False
dbpedia_id_5186,HM_id_4321,True
dbpedia_id_249,HM_id_251,False
dbpedia_id_249,HM_id_268,False
dbpedia_id_249,HM_id_268,False
dbpedia_id_2612,HM_id_3186,True
dbpedia_id_3241,HM_id_3693,True
dbpedia_id_4197,HM_id_1562,True
dbpedia_id_249,HM_id_287,False
dbpedia_id_249,HM_id_4710,False
dbpedia_id_7454,HM_id_3072,True
dbpedia_id_249,HM_id_268,False
dbpedia_id_249,HM_id_251,False
dbpedia_id_1599,HM_id_3318,True
dbpedia_id_249,HM_id_269,False
dbpedia_id_1503,HM_id_2216,True
dbpedia_id_4044,HM_id_3549,True
dbpedia_id_2052,HM_id_3261,True
dbpedia_id_109,HM_id_3745,True
dbpedia_id_249,HM_id_231,False
dbpedia_id_9590,HM_id_4060,True
dbpedia_id_249,HM_id_231,False
dbpedia_id_2044,HM_id_2252,True
dbpedia_id_8657,HM_id_3851,True
dbpedia_id_2032,HM_id_2340,True
dbpedia_id_2022,HM_id_1490,True
dbpedia_id_1661,HM_id_1494,True
dbpedia_id_7373,HM_id_2974,True
dbpedia_id_2454,HM_id_3472,True
dbpedia_id_249,HM_id_269,False
dbpedia_id_249,HM_id_268,False
dbpedia_id_3255,HM_id_3516,True
dbpedia_id_6778,HM_id_3136,True
dbpedia_id_249,HM_id_269,False
dbpedia_id_249,HM_id_231,False
dbpedia_id_249,HM_id_137,False
dbpedia_id_249,HM_id_251,False
dbpedia_id_249,HM_id_268,False
dbpedia_id_7363,HM_id_3634,True
dbpedia_id_249,HM_id_269,False
dbpedia_id_4130,HM_id_2566,True
dbpedia_id_6763,HM_id_1598,True
dbpedia_id_249,HM_id_231,False
dbpedia_id_249,HM_id_330,False
dbpedia_id_6771,HM_id_1158,True
dbpedia_id_672,HM_id_2751,True
dbpedia_id_249,HM_id_137,False
dbpedia_id_249,HM_id_155,False
dbpedia_id_1144,HM_id_1923,True
dbpedia_id_5611,HM_id_1329,True
dbpedia_id_249,HM_id_269,False
dbpedia_id_2660,HM_id_2995,True
dbpedia_id_249,HM_id_285,False
dbpedia_id_3945,HM_id_2169,True
dbpedia_id_7423,HM_id_1805,True
dbpedia_id_9889,HM_id_3117,True
dbpedia_id_249,HM_id_269,False
dbpedia_id_249,HM_id_268,False
dbpedia_id_249,HM_id_492,False
dbpedia_id_249,HM_id_269,False
dbpedia_id_249,HM_id_231,False
dbpedia_id_249,HM_id_206,False
dbpedia_id_249,HM_id_268,False
dbpedia_id_249,HM_id_285,False
dbpedia_id_5160,HM_id_3868,True
dbpedia_id_249,HM_id_155,False
dbpedia_id_249,HM_id_137,False
dbpedia_id_249,HM_id_251,False
dbpedia_id_249,HM_id_231,False
dbpedia_id_249,HM_id_137,False
dbpedia_id_5260,HM_id_2895,True
dbpedia_id_249,HM_id_251,False
dbpedia_id_3197,HM_id_1357,True
dbpedia_id_249,HM_id_229,False
dbpedia_id_5862,HM_id_4840,True
dbpedia_id_249,HM_id_231,False
dbpedia_id_2580,HM_id_3492,True
dbpedia_id_249,HM_id_231,False
dbpedia_id_249,HM_id_1358,False
dbpedia_id_2521,HM_id_1419,True
dbpedia_id_3166,HM_id_2939,True
dbpedia_id_5614,HM_id_2011,True
dbpedia_id_249,HM_id_370,False
dbpedia_id_7108,HM_id_3877,True
dbpedia_id_3856,HM_id_2271,True
dbpedia_id_249,HM_id_268,False
dbpedia_id_249,HM_id_268,False
dbpedia_id_249,HM_id_285,False
dbpedia_id_249,HM_id_155,False
dbpedia_id_3961,HM_id_2404,True
dbpedia_id_249,HM_id_268,False
dbpedia_id_6555,HM_id_1281,True
dbpedia_id_1488,HM_id_2355,True
dbpedia_id_249,HM_id_137,False
dbpedia_id_249,HM_id_251,False
dbpedia_id_249,HM_id_268,False
dbpedia_id_7126,HM_id_3508,True
dbpedia_id_1733,HM_id_1772,True
dbpedia_id_4294,HM_id_3365,True
dbpedia_id_249,HM_id_229,False
dbpedia_id_4590,HM_id_2503,True
dbpedia_id_9700,HM_id_3824,True
dbpedia_id_9447,HM_id_1910,True
dbpedia_id_2353,HM_id_2076,True
dbpedia_id_249,HM_id_212,False
dbpedia_id_7367,HM_id_2085,True
dbpedia_id_3518,HM_id_2539,True
dbpedia_id_1708,HM_id_1719,True
dbpedia_id_5237,HM_id_3096,True
dbpedia_id_2021,HM_id_4021,True
dbpedia_id_249,HM_id_4710,False
dbpedia_id_249,HM_id_229,False
dbpedia_id_802,HM_id_3994,True
dbpedia_id_249,HM_id_268,False
dbpedia_id_5106,HM_id_2563,True
dbpedia_id_1543,HM_id_1221,True
dbpedia_id_3983,HM_id_2374,True
dbpedia_id_923,HM_id_1130,True
dbpedia_id_9212,HM_id_2110,True
dbpedia_id_249,HM_id_251,False
dbpedia_id_249,HM_id_268,False
dbpedia_id_249,HM_id_269,False
dbpedia_id_6809,HM_id_3794,True
dbpedia_id_249,HM_id_268,False
dbpedia_id_5442,HM_id_2387,True
dbpedia_id_1541,HM_id_2210,True
dbpedia_id_1972,HM_id_4489,True
dbpedia_id_3239,HM_id_4274,True
dbpedia_id_7474,HM_id_1933,True
dbpedia_id_7261,HM_id_1932,True
dbpedia_id_2752,HM_id_3895,True
dbpedia_id_852,HM_id_3591,True
dbpedia_id_249,HM_id_1358,False
dbpedia_id_7850,HM_id_3374,True
dbpedia_id_249,HM_id_231,False
dbpedia_id_249,HM_id_330,False
dbpedia_id_1251,HM_id_4801,True
dbpedia_id_249,HM_id_330,False
dbpedia_id_249,HM_id_269,False
dbpedia_id_6942,HM_id_2678,True
dbpedia_id_2612,HM_id_3187,True
dbpedia_id_9360,HM_id_2431,True
dbpedia_id_2519,HM_id_2599,True
dbpedia_id_6126,HM_id_1479,True
dbpedia_id_249,HM_id_229,False
dbpedia_id_249,HM_id_268,False
dbpedia_id_3998,HM_id_2305,True
dbpedia_id_249,HM_id_155,False
dbpedia_id_4754,HM_id_2985,True
dbpedia_id_249,HM_id_268,False
dbpedia_id_7190,HM_id_1908,True
dbpedia_id_249,HM_id_269,False
dbpedia_id_249,HM_id_268,False
dbpedia_id_9132,HM_id_2739,True
dbpedia_id_249,HM_id_370,False
dbpedia_id_5482,HM_id_2499,True
dbpedia_id_249,HM_id_231,False
dbpedia_id_249,HM_id_269,False
dbpedia_id_254,HM_id_2991,True
dbpedia_id_249,HM_id_137,False
dbpedia_id_9122,HM_id_1565,True
dbpedia_id_2076,HM_id_3986,True
dbpedia_id_249,HM_id_251,False
dbpedia_id_249,HM_id_137,False
dbpedia_id_249,HM_id_231,False
dbpedia_id_249,HM_id_268,False
dbpedia_id_9329,HM_id_2518,True
dbpedia_id_249,HM_id_231,False
dbpedia_id_249,HM_id_4710,False
dbpedia_id_216,HM_id_3698,True
dbpedia_id_249,HM_id_268,False
dbpedia_id_249,HM_id_269,False
dbpedia_id_1752,HM_id_1453,True
dbpedia_id_249,HM_id_268,False
dbpedia_id_610,HM_id_1456,True
dbpedia_id_5425,HM_id_2311,True
dbpedia_id_249,HM_id_231,False
dbpedia_id_249,HM_id_268,False
dbpedia_id_3202,HM_id_3003,True
dbpedia_id_5192,HM_id_2556,True
dbpedia_id_2825,HM_id_3473,True
dbpedia_id_249,HM_id_231,False
dbpedia_id_249,HM_id_231,False
dbpedia_id_1616,HM_id_2918,True
dbpedia_id_249,HM_id_269,False
dbpedia_id_977,HM_id_1303,True
dbpedia_id_1783,HM_id_3622,True
dbpedia_id_7345,HM_id_2460,True
dbpedia_id_249,HM_id_4710,False
dbpedia_id_4762,HM_id_3218,True
dbpedia_id_249,HM_id_330,False
dbpedia_id_249,HM_id_231,False
dbpedia_id_7459,HM_id_2128,True
dbpedia_id_249,HM_id_251,False
dbpedia_id_249,HM_id_231,False
dbpedia_id_249,HM_id_229,False
dbpedia_id_249,HM_id_268,False
dbpedia_id_249,HM_id_268,False
dbpedia_id_249,HM_id_251,False
dbpedia_id_1136,HM_id_2081,True
dbpedia_id_1169,HM_id_4553,True
dbpedia_id_2570,HM_id_1765,True
dbpedia_id_6915,HM_id_2302,True
dbpedia_id_5350,HM_id_3478,True
dbpedia_id_7421,HM_id_2846,True
dbpedia_id_249,HM_id_251,False
dbpedia_id_249,HM_id_269,False
dbpedia_id_6285,HM_id_1654,True
dbpedia_id_249,HM_id_231,False
dbpedia_id_2750,HM_id_4022,True
dbpedia_id_249,HM_id_251,False
dbpedia_id_5874,HM_id_4621,True
dbpedia_id_3469,HM_id_3504,True
dbpedia_id_249,HM_id_155,False
dbpedia_id_249,HM_id_155,False
dbpedia_id_249,HM_id_155,False
dbpedia_id_249,HM_id_251,False
dbpedia_id_9715,HM_id_4638,True
dbpedia_id_9985,HM_id_4513,True
dbpedia_id_249,HM_id_155,False
dbpedia_id_249,HM_id_269,False
dbpedia_id_249,HM_id_330,False
dbpedia_id_4611,HM_id_3706,True
dbpedia_id_3527,HM_id_3017,True
dbpedia_id_1332,HM_id_1851,True
dbpedia_id_10003,HM_id_3536,True
dbpedia_id_249,HM_id_137,False
dbpedia_id_249,HM_id_155,False
dbpedia_id_249,HM_id_203,False
dbpedia_id_2630,HM_id_3220,True
dbpedia_id_4054,HM_id_1314,True
dbpedia_id_249,HM_id_231,False
dbpedia_id_7055,HM_id_3696,True
dbpedia_id_249,HM_id_269,False
dbpedia_id_249,HM_id_251,False
dbpedia_id_249,HM_id_268,False
dbpedia_id_249,HM_id_269,False
dbpedia_id_249,HM_id_792,False
dbpedia_id_249,HM_id_137,False
dbpedia_id_249,HM_id_137,False
dbpedia_id_5456,HM_id_1963,True
dbpedia_id_1084,HM_id_2755,True
dbpedia_id_4120,HM_id_2470,True
dbpedia_id_5430,HM_id_3229,True
dbpedia_id_249,HM_id_269,False
dbpedia_id_249,HM_id_4710,False
dbpedia_id_249,HM_id_251,False
dbpedia_id_8605,HM_id_3331,True
dbpedia_id_249,HM_id_203,False
dbpedia_id_249,HM_id_231,False
dbpedia_id_249,HM_id_330,False
dbpedia_id_10055,HM_id_2214,True
dbpedia_id_482,HM_id_1318,True
dbpedia_id_249,HM_id_137,False
dbpedia_id_249,HM_id_137,False
dbpedia_id_1083,HM_id_3476,True
dbpedia_id_1045,HM_id_3985,True
dbpedia_id_249,HM_id_4710,False
dbpedia_id_1360,HM_id_3556,True
dbpedia_id_249,HM_id_287,False
dbpedia_id_249,HM_id_155,False
dbpedia_id_249,HM_id_155,False
dbpedia_id_249,HM_id_137,False
dbpedia_id_249,HM_id_231,False
dbpedia_id_249,HM_id_268,False
dbpedia_id_249,HM_id_155,False
dbpedia_id_249,HM_id_229,False
dbpedia_id_7432,HM_id_2083,True
dbpedia_id_249,HM_id_137,False
dbpedia_id_249,HM_id_137,False
dbpedia_id_6112,HM_id_2250,True
dbpedia_id_4670,HM_id_2243,True
dbpedia_id_3367,HM_id_3164,True
dbpedia_id_8429,HM_id_1371,True
dbpedia_id_249,HM_id_137,False
dbpedia_id_7255,HM_id_3388,True
dbpedia_id_2621,HM_id_3546,True
dbpedia_id_249,HM_id_206,False
dbpedia_id_5190,HM_id_2998,True
dbpedia_id_5547,HM_id_1990,True
dbpedia_id_249,HM_id_268,False
dbpedia_id_2346,HM_id_3534,True
dbpedia_id_249,HM_id_251,False
dbpedia_id_249,HM_id_268,False
dbpedia_id_9348,HM_id_4300,True
dbpedia_id_2601,HM_id_3144,True
dbpedia_id_2990,HM_id_3807,True
dbpedia_id_249,HM_id_251,False
dbpedia_id_1961,HM_id_4738,True
dbpedia_id_249,HM_id_137,False
dbpedia_id_249,HM_id_137,False
dbpedia_id_6282,HM_id_4268,True
dbpedia_id_249,HM_id_251,False
dbpedia_id_249,HM_id_269,False
dbpedia_id_249,HM_id_268,False
dbpedia_id_249,HM_id_251,False
dbpedia_id_249,HM_id_231,False
dbpedia_id_9304,HM_id_2558,True
dbpedia_id_249,HM_id_268,False
dbpedia_id_1272,HM_id_1903,True
dbpedia_id_249,HM_id_251,False
dbpedia_id_6263,HM_id_1999,True
dbpedia_id_249,HM_id_231,False
dbpedia_id_249,HM_id_229,False
dbpedia_id_1512,HM_id_1914,True
dbpedia_id_249,HM_id_269,False
dbpedia_id_249,HM_id_231,False
dbpedia_id_249,HM_id_501,False
dbpedia_id_3104,HM_id_1468,True
dbpedia_id_249,HM_id_268,False
dbpedia_id_249,HM_id_285,False
dbpedia_id_249,HM_id_268,False
dbpedia_id_2172,HM_id_2757,True
dbpedia_id_3370,HM_id_1879,True
dbpedia_id_249,HM_id_137,False
dbpedia_id_1161,HM_id_2733,True
dbpedia_id_249,HM_id_251,False
dbpedia_id_249,HM_id_330,False
dbpedia_id_249,HM_id_330,False
dbpedia_id_9901,HM_id_3051,True
dbpedia_id_249,HM_id_268,False
dbpedia_id_249,HM_id_285,False
dbpedia_id_249,HM_id_268,False
dbpedia_id_249,HM_id_792,False
dbpedia_id_5148,HM_id_3647,True
dbpedia_id_249,HM_id_269,False
dbpedia_id_2567,HM_id_2360,True
dbpedia_id_249,HM_id_231,False
dbpedia_id_2923,HM_id_1561,True
dbpedia_id_249,HM_id_155,False
dbpedia_id_249,HM_id_203,False
dbpedia_id_249,HM_id_137,False
dbpedia_id_3252,HM_id_3437,True
dbpedia_id_9867,HM_id_3519,True
dbpedia_id_4337,HM_id_1960,True
dbpedia_id_3700,HM_id_3333,True
dbpedia_id_249,HM_id_330,False
dbpedia_id_7282,HM_id_4037,True
dbpedia_id_9160,HM_id_3410,True
dbpedia_id_763,HM_id_3435,True
dbpedia_id_1788,HM_id_3257,True
dbpedia_id_249,HM_id_137,False
dbpedia_id_144,HM_id_2138,True
dbpedia_id_249,HM_id_251,False
dbpedia_id_249,HM_id_269,False
dbpedia_id_249,HM_id_330,False
dbpedia_id_700,HM_id_4322,True
dbpedia_id_249,HM_id_268,False
dbpedia_id_2028,HM_id_2938,True
dbpedia_id_249,HM_id_203,False
dbpedia_id_249,HM_id_155,False
dbpedia_id_249,HM_id_251,False
dbpedia_id_1376,HM_id_4055,True
dbpedia_id_9668,HM_id_2971,True
dbpedia_id_2563,HM_id_4502,True
dbpedia_id_249,HM_id_330,False
dbpedia_id_249,HM_id_285,False
dbpedia_id_6954,HM_id_1435,True
dbpedia_id_5211,HM_id_3390,True
dbpedia_id_7243,HM_id_3245,True
dbpedia_id_7263,HM_id_3523,True
dbpedia_id_1633,HM_id_4395,True
dbpedia_id_249,HM_id_251,False
dbpedia_id_249,HM_id_501,False
dbpedia_id_132,HM_id_3776,True
dbpedia_id_4084,HM_id_1758,True
dbpedia_id_249,HM_id_285,False
dbpedia_id_249,HM_id_229,False
dbpedia_id_249,HM_id_155,False
dbpedia_id_9110,HM_id_2241,True
dbpedia_id_249,HM_id_269,False
dbpedia_id_249,HM_id_4710,False
dbpedia_id_3809,HM_id_4845,True
dbpedia_id_5118,HM_id_2468,True
dbpedia_id_2025,HM_id_1554,True
dbpedia_id_5485,HM_id_3146,True
dbpedia_id_9724,HM_id_2579,True
dbpedia_id_9941,HM_id_2919,True
dbpedia_id_4025,HM_id_2367,True
dbpedia_id_249,HM_id_269,False
dbpedia_id_7434,HM_id_2245,True
dbpedia_id_249,HM_id_269,False
dbpedia_id_249,HM_id_4710,False
dbpedia_id_249,HM_id_137,False
dbpedia_id_249,HM_id_330,False
dbpedia_id_9118,HM_id_2171,True
dbpedia_id_249,HM_id_330,False
dbpedia_id_702,HM_id_1856,True
dbpedia_id_3192,HM_id_2821,True
dbpedia_id_249,HM_id_268,False
dbpedia_id_5126,HM_id_2380,True
dbpedia_id_249,HM_id_4710,False
dbpedia_id_3146,HM_id_2494,True
dbpedia_id_4520,HM_id_2716,True
dbpedia_id_6284,HM_id_1610,True
dbpedia_id_249,HM_id_229,False
dbpedia_id_2457,HM_id_3939,True
dbpedia_id_725,HM_id_3910,True
dbpedia_id_249,HM_id_268,False
dbpedia_id_249,HM_id_137,False
dbpedia_id_249,HM_id_137,False
dbpedia_id_249,HM_id_206,False
dbpedia_id_9372,HM_id_2318,True
dbpedia_id_249,HM_id_251,False
dbpedia_id_5439,HM_id_3884,True
dbpedia_id_249,HM_id_269,False
dbpedia_id_5548,HM_id_3449,True
dbpedia_id_249,HM_id_4710,False
dbpedia_id_3332,HM_id_2142,True
dbpedia_id_1680,HM_id_3984,True
dbpedia_id_5275,HM_id_3927,True
dbpedia_id_1806,HM_id_3862,True
dbpedia_id_249,HM_id_251,False
dbpedia_id_249,HM_id_330,False
dbpedia_id_2137,HM_id_4213,True
dbpedia_id_249,HM_id_269,False
dbpedia_id_249,HM_id_137,False
dbpedia_id_249,HM_id_269,False
dbpedia_id_1957,HM_id_3163,True
dbpedia_id_4095,HM_id_2883,True
dbpedia_id_9373,HM_id_2590,True
dbpedia_id_249,HM_id_251,False
dbpedia_id_249,HM_id_501,False
dbpedia_id_679,HM_id_2458,True
dbpedia_id_249,HM_id_137,False
dbpedia_id_7013,HM_id_1260,True
dbpedia_id_249,HM_id_229,False
dbpedia_id_249,HM_id_269,False
dbpedia_id_8274,HM_id_2718,True
dbpedia_id_249,HM_id_792,False
dbpedia_id_249,HM_id_268,False
dbpedia_id_249,HM_id_231,False
dbpedia_id_249,HM_id_792,False
dbpedia_id_5104,HM_id_2663,True
dbpedia_id_4387,HM_id_1911,True
dbpedia_id_249,HM_id_231,False
dbpedia_id_4793,HM_id_3441,True
dbpedia_id_249,HM_id_4710,False
dbpedia_id_249,HM_id_269,False
dbpedia_id_1619,HM_id_4817,True
dbpedia_id_249,HM_id_4710,False
dbpedia_id_249,HM_id_370,False
dbpedia_id_1492,HM_id_1573,True
dbpedia_id_249,HM_id_137,False
dbpedia_id_1514,HM_id_1686,True
dbpedia_id_1302,HM_id_1390,True
dbpedia_id_9569,HM_id_2909,True
dbpedia_id_5290,HM_id_1026,True
dbpedia_id_1133,HM_id_3258,True
dbpedia_id_249,HM_id_137,False
dbpedia_id_7191,HM_id_3674,True
dbpedia_id_1942,HM_id_1199,True
dbpedia_id_249,HM_id_251,False
dbpedia_id_249,HM_id_268,False
dbpedia_id_7223,HM_id_4265,True
dbpedia_id_249,HM_id_212,False
dbpedia_id_7119,HM_id_3746,True
dbpedia_id_1125,HM_id_4504,True
dbpedia_id_249,HM_id_269,False
dbpedia_id_249,HM_id_268,False
dbpedia_id_249,HM_id_137,False
dbpedia_id_249,HM_id_269,False
dbpedia_id_2605,HM_id_2783,True
dbpedia_id_3154,HM_id_4488,True
dbpedia_id_249,HM_id_4710,False
dbpedia_id_9240,HM_id_3064,True
dbpedia_id_249,HM_id_155,False
dbpedia_id_1077,HM_id_2867,True
dbpedia_id_249,HM_id_268,False
dbpedia_id_249,HM_id_269,False
dbpedia_id_249,HM_id_285,False
dbpedia_id_4125,HM_id_3241,True
dbpedia_id_1178,HM_id_3573,True
dbpedia_id_2472,HM_id_3965,True
dbpedia_id_249,HM_id_155,False
dbpedia_id_1527,HM_id_1377,True
dbpedia_id_249,HM_id_269,False
dbpedia_id_249,HM_id_268,False
dbpedia_id_249,HM_id_269,False
dbpedia_id_5627,HM_id_2088,True
dbpedia_id_249,HM_id_268,False
dbpedia_id_2615,HM_id_1439,True
dbpedia_id_249,HM_id_231,False
dbpedia_id_5359,HM_id_3335,True
dbpedia_id_249,HM_id_285,False
dbpedia_id_249,HM_id_229,False
dbpedia_id_249,HM_id_229,False
dbpedia_id_249,HM_id_268,False
dbpedia_id_249,HM_id_492,False
dbpedia_id_2485,HM_id_4263,True
dbpedia_id_3336,HM_id_3091,True
dbpedia_id_249,HM_id_155,False
dbpedia_id_1374,HM_id_2254,True
dbpedia_id_4911,HM_id_3480,True
dbpedia_id_249,HM_id_231,False
dbpedia_id_249,HM_id_251,False
dbpedia_id_249,HM_id_251,False
dbpedia_id_3474,HM_id_2071,True
dbpedia_id_249,HM_id_137,False
dbpedia_id_249,HM_id_269,False
dbpedia_id_249,HM_id_137,False
dbpedia_id_138,HM_id_3567,True
dbpedia_id_5224,HM_id_3366,True
dbpedia_id_6911,HM_id_3026,True
dbpedia_id_249,HM_id_229,False
dbpedia_id_9209,HM_id_3185,True
dbpedia_id_249,HM_id_492,False
dbpedia_id_2026,HM_id_2508,True
dbpedia_id_1158,HM_id_4715,True
dbpedia_id_3066,HM_id_1271,True
dbpedia_id_249,HM_id_268,False
dbpedia_id_3960,HM_id_4182,True
dbpedia_id_249,HM_id_229,False
dbpedia_id_1360,HM_id_3242,True
dbpedia_id_249,HM_id_229,False
dbpedia_id_2312,HM_id_2567,True
dbpedia_id_249,HM_id_231,False
dbpedia_id_249,HM_id_268,False
dbpedia_id_7464,HM_id_3058,True
dbpedia_id_9458,HM_id_2710,True
dbpedia_id_9776,HM_id_2422,True
dbpedia_id_249,HM_id_206,False
dbpedia_id_249,HM_id_231,False
dbpedia_id_249,HM_id_137,False
dbpedia_id_317,HM_id_4103,True
dbpedia_id_249,HM_id_251,False
dbpedia_id_366,HM_id_1770,True
dbpedia_id_249,HM_id_137,False
dbpedia_id_5312,HM_id_1222,True
dbpedia_id_249,HM_id_251,False
dbpedia_id_6830,HM_id_2879,True
dbpedia_id_249,HM_id_137,False
dbpedia_id_249,HM_id_137,False
dbpedia_id_249,HM_id_330,False
dbpedia_id_249,HM_id_4710,False
dbpedia_id_4338,HM_id_4110,True
dbpedia_id_249,HM_id_231,False
dbpedia_id_249,HM_id_330,False
dbpedia_id_1992,HM_id_2758,True
dbpedia_id_249,HM_id_137,False
dbpedia_id_5335,HM_id_2366,True
dbpedia_id_2660,HM_id_2997,True
dbpedia_id_249,HM_id_229,False
dbpedia_id_249,HM_id_268,False
dbpedia_id_249,HM_id_137,False
dbpedia_id_249,HM_id_268,False
dbpedia_id_249,HM_id_268,False
dbpedia_id_249,HM_id_251,False
dbpedia_id_249,HM_id_792,False
dbpedia_id_2302,HM_id_3928,True
dbpedia_id_249,HM_id_269,False
dbpedia_id_6838,HM_id_3385,True
dbpedia_id_9546,HM_id_3330,True
dbpedia_id_249,HM_id_137,False
dbpedia_id_2338,HM_id_2638,True
dbpedia_id_249,HM_id_251,False
dbpedia_id_249,HM_id_155,False
dbpedia_id_249,HM_id_269,False
dbpedia_id_249,HM_id_268,False
dbpedia_id_249,HM_id_251,False
dbpedia_id_9368,HM_id_1430,True
dbpedia_id_249,HM_id_268,False
dbpedia_id_249,HM_id_268,False
dbpedia_id_249,HM_id_268,False
dbpedia_id_249,HM_id_330,False
dbpedia_id_249,HM_id_269,False
dbpedia_id_249,HM_id_231,False
dbpedia_id_249,HM_id_330,False
dbpedia_id_9192,HM_id_3173,True
dbpedia_id_249,HM_id_251,False
dbpedia_id_3472,HM_id_1368,True
dbpedia_id_8217,HM_id_4559,True
dbpedia_id_249,HM_id_231,False
dbpedia_id_9261,HM_id_1225,True
dbpedia_id_249,HM_id_155,False
dbpedia_id_5053,HM_id_3611,True
dbpedia_id_7436,HM_id_3632,True
dbpedia_id_249,HM_id_268,False
dbpedia_id_249,HM_id_251,False
dbpedia_id_249,HM_id_268,False
dbpedia_id_3955,HM_id_2704,True
dbpedia_id_1383,HM_id_1941,True
dbpedia_id_8961,HM_id_1151,True
dbpedia_id_7819,HM_id_1663,True
dbpedia_id_249,HM_id_268,False
dbpedia_id_249,HM_id_268,False
dbpedia_id_1156,HM_id_3566,True
dbpedia_id_249,HM_id_269,False
dbpedia_id_5295,HM_id_1605,True
dbpedia_id_249,HM_id_251,False
dbpedia_id_249,HM_id_330,False
dbpedia_id_7406,HM_id_3371,True
dbpedia_id_249,HM_id_231,False
dbpedia_id_249,HM_id_229,False
dbpedia_id_249,HM_id_370,False
dbpedia_id_249,HM_id_229,False
dbpedia_id_249,HM_id_4710,False
dbpedia_id_249,HM_id_231,False
dbpedia_id_249,HM_id_492,False
dbpedia_id_2796,HM_id_4552,True
dbpedia_id_9353,HM_id_1526,True
dbpedia_id_2060,HM_id_3300,True
dbpedia_id_249,HM_id_269,False
dbpedia_id_249,HM_id_229,False
dbpedia_id_3212,HM_id_2666,True
dbpedia_id_356,HM_id_3707,True
dbpedia_id_249,HM_id_492,False
dbpedia_id_2659,HM_id_2114,True
dbpedia_id_249,HM_id_231,False
dbpedia_id_249,HM_id_268,False
dbpedia_id_249,HM_id_155,False
dbpedia_id_249,HM_id_370,False
dbpedia_id_6239,HM_id_1892,True
dbpedia_id_1810,HM_id_2090,True
dbpedia_id_249,HM_id_269,False
dbpedia_id_249,HM_id_269,False
dbpedia_id_249,HM_id_501,False
dbpedia_id_9421,HM_id_3885,True
dbpedia_id_249,HM_id_792,False
dbpedia_id_2030,HM_id_3663,True
dbpedia_id_1139,HM_id_1849,True
dbpedia_id_249,HM_id_269,False
dbpedia_id_1110,HM_id_2827,True
dbpedia_id_249,HM_id_330,False
dbpedia_id_9138,HM_id_3279,True
dbpedia_id_249,HM_id_268,False
dbpedia_id_249,HM_id_268,False
dbpedia_id_5816,HM_id_3403,True
dbpedia_id_2629,HM_id_1261,True
dbpedia_id_249,HM_id_269,False
dbpedia_id_4474,HM_id_3391,True
dbpedia_id_9642,HM_id_2611,True
dbpedia_id_249,HM_id_492,False
dbpedia_id_1517,HM_id_1749,True
dbpedia_id_5598,HM_id_2453,True
dbpedia_id_1959,HM_id_2856,True
dbpedia_id_5872,HM_id_1460,True
dbpedia_id_249,HM_id_269,False
dbpedia_id_8131,HM_id_1215,True
dbpedia_id_1535,HM_id_2038,True
dbpedia_id_249,HM_id_203,False
dbpedia_id_1614,HM_id_1028,True
dbpedia_id_249,HM_id_370,False
dbpedia_id_1527,HM_id_3253,True
dbpedia_id_249,HM_id_251,False
dbpedia_id_249,HM_id_269,False
dbpedia_id_249,HM_id_155,False
dbpedia_id_8665,HM_id_3802,True
dbpedia_id_249,HM_id_492,False
dbpedia_id_7330,HM_id_2417,True
dbpedia_id_9659,HM_id_2698,True
dbpedia_id_249,HM_id_268,False
dbpedia_id_249,HM_id_370,False
dbpedia_id_5350,HM_id_3477,True
dbpedia_id_1020,HM_id_1968,True
dbpedia_id_249,HM_id_268,False
dbpedia_id_249,HM_id_4710,False
dbpedia_id_249,HM_id_229,False
dbpedia_id_5377,HM_id_4525,True
dbpedia_id_1603,HM_id_3717,True
dbpedia_id_8815,HM_id_3092,True
dbpedia_id_249,HM_id_229,False
dbpedia_id_249,HM_id_792,False
dbpedia_id_7325,HM_id_3407,True
dbpedia_id_249,HM_id_229,False
dbpedia_id_249,HM_id_792,False
dbpedia_id_3587,HM_id_2187,True
dbpedia_id_249,HM_id_1358,False
dbpedia_id_2494,HM_id_2553,True
dbpedia_id_249,HM_id_229,False
dbpedia_id_2488,HM_id_3313,True
dbpedia_id_249,HM_id_330,False
dbpedia_id_249,HM_id_231,False
dbpedia_id_249,HM_id_269,False
dbpedia_id_6101,HM_id_4277,True
dbpedia_id_5401,HM_id_3757,True
dbpedia_id_249,HM_id_251,False
dbpedia_id_249,HM_id_137,False
dbpedia_id_249,HM_id_285,False
dbpedia_id_249,HM_id_137,False
dbpedia_id_2482,HM_id_2935,True
dbpedia_id_249,HM_id_285,False
dbpedia_id_249,HM_id_137,False
dbpedia_id_2561,HM_id_2209,True
dbpedia_id_249,HM_id_4710,False
dbpedia_id_10035,HM_id_2640,True
dbpedia_id_249,HM_id_269,False
dbpedia_id_249,HM_id_268,False
dbpedia_id_249,HM_id_268,False
dbpedia_id_249,HM_id_137,False
dbpedia_id_249,HM_id_268,False
dbpedia_id_249,HM_id_137,False
dbpedia_id_7177,HM_id_3945,True
dbpedia_id_7430,HM_id_2411,True
dbpedia_id_249,HM_id_287,False
dbpedia_id_249,HM_id_137,False
dbpedia_id_7340,HM_id_2526,True
dbpedia_id_9440,HM_id_4347,True
dbpedia_id_1177,HM_id_3071,True
dbpedia_id_1321,HM_id_4173,True
dbpedia_id_249,HM_id_268,False
dbpedia_id_249,HM_id_268,False
dbpedia_id_1132,HM_id_3535,True
dbpedia_id_9933,HM_id_2134,True
dbpedia_id_249,HM_id_269,False
dbpedia_id_249,HM_id_231,False
dbpedia_id_249,HM_id_229,False
dbpedia_id_249,HM_id_285,False
dbpedia_id_249,HM_id_137,False
dbpedia_id_249,HM_id_268,False
dbpedia_id_249,HM_id_492,False
dbpedia_id_4798,HM_id_3384,True
dbpedia_id_249,HM_id_229,False
dbpedia_id_4122,HM_id_2330,True
dbpedia_id_249,HM_id_251,False
dbpedia_id_249,HM_id_268,False
dbpedia_id_249,HM_id_268,False
dbpedia_id_249,HM_id_268,False
dbpedia_id_249,HM_id_287,False
dbpedia_id_249,HM_id_269,False
dbpedia_id_1744,HM_id_1241,True
dbpedia_id_9817,HM_id_2030,True
dbpedia_id_249,HM_id_330,False
dbpedia_id_6775,HM_id_3905,True
dbpedia_id_249,HM_id_155,False
dbpedia_id_249,HM_id_330,False
dbpedia_id_2611,HM_id_3724,True
dbpedia_id_7254,HM_id_3094,True
dbpedia_id_249,HM_id_137,False
dbpedia_id_2411,HM_id_1996,True
dbpedia_id_6479,HM_id_4343,True
dbpedia_id_9538,HM_id_3596,True
dbpedia_id_2062,HM_id_3553,True
dbpedia_id_249,HM_id_231,False
dbpedia_id_249,HM_id_231,False
dbpedia_id_5418,HM_id_1448,True
dbpedia_id_249,HM_id_137,False
dbpedia_id_1606,HM_id_3874,True
dbpedia_id_9645,HM_id_1922,True
dbpedia_id_249,HM_id_155,False
dbpedia_id_249,HM_id_231,False
dbpedia_id_249,HM_id_492,False
dbpedia_id_249,HM_id_231,False
dbpedia_id_5152,HM_id_4067,True
dbpedia_id_1494,HM_id_2180,True
dbpedia_id_249,HM_id_269,False
dbpedia_id_2646,HM_id_1848,True
dbpedia_id_1081,HM_id_1953,True
dbpedia_id_249,HM_id_231,False
dbpedia_id_249,HM_id_330,False
dbpedia_id_249,HM_id_137,False
dbpedia_id_6850,HM_id_3548,True
dbpedia_id_249,HM_id_269,False
dbpedia_id_249,HM_id_1358,False
dbpedia_id_1359,HM_id_3251,True
dbpedia_id_249,HM_id_137,False
dbpedia_id_1180,HM_id_3635,True
dbpedia_id_2762,HM_id_3282,True
dbpedia_id_1104,HM_id_3485,True
dbpedia_id_249,HM_id_229,False
dbpedia_id_249,HM_id_268,False
dbpedia_id_2970,HM_id_1284,True
dbpedia_id_1145,HM_id_1649,True
dbpedia_id_249,HM_id_229,False
dbpedia_id_249,HM_id_231,False
dbpedia_id_249,HM_id_155,False
dbpedia_id_249,HM_id_792,False
dbpedia_id_249,HM_id_330,False
dbpedia_id_5493,HM_id_1799,True
dbpedia_id_249,HM_id_229,False
dbpedia_id_249,HM_id_231,False
dbpedia_id_249,HM_id_231,False
dbpedia_id_5344,HM_id_3570,True
dbpedia_id_249,HM_id_268,False
dbpedia_id_7121,HM_id_2742,True
dbpedia_id_249,HM_id_155,False
dbpedia_id_249,HM_id_4710,False
dbpedia_id_249,HM_id_137,False
dbpedia_id_5407,HM_id_2805,True
dbpedia_id_249,HM_id_155,False
dbpedia_id_7825,HM_id_1894,True
dbpedia_id_3133,HM_id_2865,True
dbpedia_id_2543,HM_id_1204,True
dbpedia_id_249,HM_id_268,False
dbpedia_id_249,HM_id_792,False
dbpedia_id_2695,HM_id_2399,True
dbpedia_id_6447,HM_id_3564,True
dbpedia_id_5346,HM_id_3960,True
dbpedia_id_249,HM_id_1358,False
dbpedia_id_9323,HM_id_4204,True
dbpedia_id_249,HM_id_137,False
dbpedia_id_249,HM_id_370,False
dbpedia_id_249,HM_id_330,False
dbpedia_id_249,HM_id_251,False
dbpedia_id_3749,HM_id_4070,True
dbpedia_id_5261,HM_id_3728,True
dbpedia_id_249,HM_id_792,False
dbpedia_id_249,HM_id_231,False
dbpedia_id_249,HM_id_203,False
dbpedia_id_249,HM_id_231,False
dbpedia_id_249,HM_id_269,False
dbpedia_id_249,HM_id_251,False
dbpedia_id_249,HM_id_269,False
dbpedia_id_249,HM_id_370,False
dbpedia_id_249,HM_id_231,False
dbpedia_id_3245,HM_id_3048,True
dbpedia_id_9458,HM_id_2711,True
dbpedia_id_163,HM_id_3754,True
dbpedia_id_249,HM_id_137,False
dbpedia_id_249,HM_id_269,False
dbpedia_id_249,HM_id_330,False
dbpedia_id_249,HM_id_330,False
dbpedia_id_249,HM_id_1358,False
dbpedia_id_4060,HM_id_2972,True
dbpedia_id_249,HM_id_792,False
dbpedia_id_1875,HM_id_3734,True
dbpedia_id_249,HM_id_155,False
dbpedia_id_249,HM_id_330,False
dbpedia_id_249,HM_id_155,False
dbpedia_id_4134,HM_id_3968,True
dbpedia_id_249,HM_id_330,False
dbpedia_id_249,HM_id_285,False
dbpedia_id_3060,HM_id_4097,True
dbpedia_id_8506,HM_id_3201,True
dbpedia_id_249,HM_id_269,False
dbpedia_id_249,HM_id_231,False
dbpedia_id_9431,HM_id_3588,True
dbpedia_id_1590,HM_id_2771,True
dbpedia_id_249,HM_id_231,False
dbpedia_id_249,HM_id_229,False
dbpedia_id_249,HM_id_155,False
dbpedia_id_249,HM_id_231,False
dbpedia_id_249,HM_id_4710,False
dbpedia_id_249,HM_id_251,False
dbpedia_id_1482,HM_id_1188,True
dbpedia_id_249,HM_id_137,False
dbpedia_id_249,HM_id_231,False
dbpedia_id_249,HM_id_268,False
dbpedia_id_249,HM_id_137,False
dbpedia_id_249,HM_id_330,False
dbpedia_id_249,HM_id_137,False
dbpedia_id_249,HM_id_4710,False
dbpedia_id_249,HM_id_268,False
dbpedia_id_249,HM_id_203,False
dbpedia_id_4063,HM_id_2488,True
dbpedia_id_9426,HM_id_2993,True
dbpedia_id_6885,HM_id_4791,True
dbpedia_id_249,HM_id_330,False
dbpedia_id_3718,HM_id_2934,True
dbpedia_id_249,HM_id_269,False
dbpedia_id_5313,HM_id_3543,True
dbpedia_id_249,HM_id_137,False
dbpedia_id_249,HM_id_330,False
dbpedia_id_249,HM_id_155,False
dbpedia_id_249,HM_id_268,False
dbpedia_id_249,HM_id_137,False
dbpedia_id_249,HM_id_4710,False
dbpedia_id_249,HM_id_155,False
dbpedia_id_249,HM_id_269,False
dbpedia_id_2006,HM_id_2554,True
dbpedia_id_249,HM_id_203,False
dbpedia_id_249,HM_id_4710,False
dbpedia_id_249,HM_id_251,False
dbpedia_id_9093,HM_id_3116,True
dbpedia_id_249,HM_id_268,False
dbpedia_id_4179,HM_id_3256,True
dbpedia_id_249,HM_id_268,False
dbpedia_id_249,HM_id_501,False
dbpedia_id_1964,HM_id_2753,True
dbpedia_id_2018,HM_id_2673,True
dbpedia_id_249,HM_id_792,False
dbpedia_id_3993,HM_id_2748,True
dbpedia_id_2024,HM_id_4082,True
dbpedia_id_9918,HM_id_1109,True
dbpedia_id_1088,HM_id_3379,True
dbpedia_id_1493,HM_id_3951,True
dbpedia_id_249,HM_id_155,False
dbpedia_id_249,HM_id_251,False
dbpedia_id_249,HM_id_268,False
dbpedia_id_249,HM_id_330,False
dbpedia_id_249,HM_id_231,False
dbpedia_id_249,HM_id_330,False
dbpedia_id_389,HM_id_1149,True
dbpedia_id_7288,HM_id_3552,True
dbpedia_id_249,HM_id_137,False
dbpedia_id_1612,HM_id_2319,True
dbpedia_id_249,HM_id_137,False
dbpedia_id_3185,HM_id_3830,True
dbpedia_id_249,HM_id_231,False
dbpedia_id_938,HM_id_3920,True
dbpedia_id_249,HM_id_137,False
dbpedia_id_3959,HM_id_2852,True
dbpedia_id_249,HM_id_251,False
dbpedia_id_2043,HM_id_3219,True
dbpedia_id_249,HM_id_231,False
dbpedia_id_249,HM_id_251,False
dbpedia_id_249,HM_id_268,False
dbpedia_id_6247,HM_id_4369,True
dbpedia_id_4203,HM_id_2228,True
dbpedia_id_2586,HM_id_2393,True
dbpedia_id_4155,HM_id_3422,True
dbpedia_id_3203,HM_id_4032,True
dbpedia_id_2648,HM_id_2652,True
dbpedia_id_249,HM_id_1358,False
dbpedia_id_9490,HM_id_1546,True
dbpedia_id_5619,HM_id_4091,True
dbpedia_id_249,HM_id_229,False
dbpedia_id_9475,HM_id_2569,True
dbpedia_id_249,HM_id_231,False
dbpedia_id_249,HM_id_137,False
dbpedia_id_249,HM_id_212,False
dbpedia_id_800,HM_id_4153,True
dbpedia_id_4083,HM_id_3990,True
dbpedia_id_249,HM_id_268,False
dbpedia_id_249,HM_id_269,False
dbpedia_id_249,HM_id_330,False
dbpedia_id_6827,HM_id_1027,True
dbpedia_id_249,HM_id_251,False
dbpedia_id_249,HM_id_4710,False
dbpedia_id_7457,HM_id_1506,True
dbpedia_id_249,HM_id_155,False
dbpedia_id_2538,HM_id_3627,True
dbpedia_id_249,HM_id_330,False
dbpedia_id_249,HM_id_206,False
dbpedia_id_249,HM_id_285,False
dbpedia_id_249,HM_id_269,False
dbpedia_id_2477,HM_id_1445,True
dbpedia_id_249,HM_id_268,False
dbpedia_id_249,HM_id_268,False
dbpedia_id_249,HM_id_251,False
dbpedia_id_249,HM_id_137,False
dbpedia_id_2858,HM_id_2519,True
dbpedia_id_8077,HM_id_1462,True
dbpedia_id_249,HM_id_251,False
dbpedia_id_249,HM_id_231,False
dbpedia_id_7098,HM_id_2784,True
dbpedia_id_249,HM_id_269,False
dbpedia_id_249,HM_id_792,False
dbpedia_id_249,HM_id_370,False
dbpedia_id_1487,HM_id_2595,True
dbpedia_id_249,HM_id_155,False
dbpedia_id_9449,HM_id_2329,True
dbpedia_id_3172,HM_id_3439,True
dbpedia_id_249,HM_id_231,False
dbpedia_id_3389,HM_id_1592,True
dbpedia_id_9904,HM_id_3774,True
dbpedia_id_249,HM_id_231,False
dbpedia_id_249,HM_id_137,False
dbpedia_id_1523,HM_id_2408,True
dbpedia_id_249,HM_id_268,False
dbpedia_id_249,HM_id_268,False
dbpedia_id_9810,HM_id_2607,True
dbpedia_id_249,HM_id_231,False
dbpedia_id_249,HM_id_229,False
dbpedia_id_249,HM_id_268,False
dbpedia_id_2002,HM_id_3393,True
dbpedia_id_249,HM_id_287,False
dbpedia_id_9639,HM_id_3828,True
dbpedia_id_249,HM_id_370,False
dbpedia_id_249,HM_id_231,False
dbpedia_id_2485,HM_id_2709,True
dbpedia_id_4247,HM_id_2288,True
dbpedia_id_249,HM_id_269,False
dbpedia_id_10045,HM_id_3285,True
dbpedia_id_5710,HM_id_3559,True
dbpedia_id_7276,HM_id_2176,True
dbpedia_id_249,HM_id_206,False
dbpedia_id_249,HM_id_268,False
dbpedia_id_249,HM_id_231,False
dbpedia_id_249,HM_id_137,False
dbpedia_id_10084,HM_id_3382,True
dbpedia_id_249,HM_id_231,False
dbpedia_id_5227,HM_id_3271,True
dbpedia_id_3128,HM_id_2954,True
dbpedia_id_544,HM_id_3196,True
dbpedia_id_2668,HM_id_1987,True
dbpedia_id_1957,HM_id_2613,True
dbpedia_id_249,HM_id_229,False
dbpedia_id_249,HM_id_137,False
dbpedia_id_249,HM_id_269,False
dbpedia_id_249,HM_id_206,False
dbpedia_id_5112,HM_id_2589,True
dbpedia_id_2044,HM_id_3988,True
dbpedia_id_249,HM_id_137,False
dbpedia_id_249,HM_id_268,False
dbpedia_id_7315,HM_id_3070,True
dbpedia_id_249,HM_id_268,False
dbpedia_id_6910,HM_id_3655,True
dbpedia_id_249,HM_id_269,False
dbpedia_id_9870,HM_id_2769,True
dbpedia_id_3343,HM_id_3551,True
dbpedia_id_5195,HM_id_2089,True
dbpedia_id_249,HM_id_137,False
dbpedia_id_2019,HM_id_3373,True
dbpedia_id_3957,HM_id_2327,True
dbpedia_id_249,HM_id_285,False
dbpedia_id_3314,HM_id_4104,True
dbpedia_id_249,HM_id_137,False
dbpedia_id_249,HM_id_1358,False
dbpedia_id_249,HM_id_231,False
dbpedia_id_249,HM_id_268,False
dbpedia_id_249,HM_id_137,False
dbpedia_id_249,HM_id_229,False
dbpedia_id_249,HM_id_251,False
dbpedia_id_249,HM_id_137,False
dbpedia_id_166,HM_id_3274,True
dbpedia_id_3205,HM_id_3394,True
dbpedia_id_249,HM_id_231,False
dbpedia_id_249,HM_id_155,False
dbpedia_id_3969,HM_id_3915,True
dbpedia_id_2413,HM_id_2712,True
dbpedia_id_3107,HM_id_2253,True
dbpedia_id_249,HM_id_792,False
dbpedia_id_249,HM_id_268,False
dbpedia_id_4072,HM_id_2877,True
dbpedia_id_1568,HM_id_2183,True
dbpedia_id_249,HM_id_155,False
dbpedia_id_249,HM_id_231,False
dbpedia_id_249,HM_id_268,False
dbpedia_id_10038,HM_id_2612,True
dbpedia_id_1156,HM_id_3325,True
dbpedia_id_3990,HM_id_3529,True
dbpedia_id_249,HM_id_492,False
dbpedia_id_249,HM_id_268,False
dbpedia_id_249,HM_id_231,False
dbpedia_id_1999,HM_id_2337,True
dbpedia_id_249,HM_id_137,False
dbpedia_id_2010,HM_id_3760,True
dbpedia_id_249,HM_id_206,False
dbpedia_id_249,HM_id_231,False
dbpedia_id_249,HM_id_251,False
dbpedia_id_3539,HM_id_2840,True
dbpedia_id_249,HM_id_251,False
dbpedia_id_1150,HM_id_2573,True
dbpedia_id_5092,HM_id_2946,True
dbpedia_id_1316,HM_id_4702,True
dbpedia_id_249,HM_id_231,False
dbpedia_id_6818,HM_id_1638,True
dbpedia_id_249,HM_id_792,False
dbpedia_id_3743,HM_id_1684,True
dbpedia_id_249,HM_id_4710,False
dbpedia_id_249,HM_id_137,False
dbpedia_id_249,HM_id_137,False
dbpedia_id_5876,HM_id_2423,True
dbpedia_id_249,HM_id_287,False
dbpedia_id_3638,HM_id_3108,True
dbpedia_id_5105,HM_id_2441,True
dbpedia_id_249,HM_id_4710,False
dbpedia_id_249,HM_id_137,False
dbpedia_id_9299,HM_id_3866,True
dbpedia_id_4922,HM_id_2240,True
dbpedia_id_9892,HM_id_3656,True
dbpedia_id_2116,HM_id_3444,True
dbpedia_id_249,HM_id_231,False
dbpedia_id_249,HM_id_4710,False
dbpedia_id_9752,HM_id_1262,True
dbpedia_id_7339,HM_id_2266,True
dbpedia_id_1529,HM_id_2848,True
dbpedia_id_249,HM_id_203,False
dbpedia_id_1778,HM_id_3540,True
dbpedia_id_9295,HM_id_3572,True
dbpedia_id_3946,HM_id_3863,True
dbpedia_id_249,HM_id_203,False
dbpedia_id_249,HM_id_268,False
dbpedia_id_1773,HM_id_4295,True
dbpedia_id_249,HM_id_231,False
dbpedia_id_249,HM_id_155,False
dbpedia_id_249,HM_id_269,False
dbpedia_id_249,HM_id_137,False
dbpedia_id_7336,HM_id_1994,True
dbpedia_id_1996,HM_id_3500,True
dbpedia_id_3317,HM_id_4653,True
dbpedia_id_5233,HM_id_2915,True
dbpedia_id_4064,HM_id_3758,True
dbpedia_id_5321,HM_id_4804,True
dbpedia_id_249,HM_id_251,False
dbpedia_id_4013,HM_id_3944,True
dbpedia_id_5581,HM_id_2531,True
dbpedia_id_5304,HM_id_2428,True
dbpedia_id_249,HM_id_4710,False
dbpedia_id_4078,HM_id_2836,True
dbpedia_id_249,HM_id_137,False
dbpedia_id_249,HM_id_137,False
dbpedia_id_249,HM_id_4710,False
dbpedia_id_1138,HM_id_2637,True
dbpedia_id_7751,HM_id_1379,True
dbpedia_id_5453,HM_id_2572,True
dbpedia_id_249,HM_id_268,False
dbpedia_id_2998,HM_id_2987,True
dbpedia_id_5189,HM_id_3917,True
dbpedia_id_249,HM_id_268,False
dbpedia_id_9629,HM_id_3631,True
dbpedia_id_2977,HM_id_4219,True
dbpedia_id_5263,HM_id_2875,True
dbpedia_id_6789,HM_id_2004,True
dbpedia_id_5657,HM_id_1433,True
dbpedia_id_9534,HM_id_2609,True
dbpedia_id_249,HM_id_251,False
dbpedia_id_249,HM_id_501,False
dbpedia_id_249,HM_id_206,False
dbpedia_id_249,HM_id_269,False
dbpedia_id_249,HM_id_231,False
dbpedia_id_249,HM_id_269,False
dbpedia_id_7170,HM_id_3711,True
dbpedia_id_249,HM_id_269,False
dbpedia_id_249,HM_id_268,False
dbpedia_id_249,HM_id_268,False
dbpedia_id_249,HM_id_251,False
dbpedia_id_249,HM_id_231,False
dbpedia_id_2070,HM_id_2416,True
dbpedia_id_249,HM_id_203,False
dbpedia_id_4194,HM_id_3402,True
dbpedia_id_4028,HM_id_3252,True
dbpedia_id_7183,HM_id_2400,True
dbpedia_id_1502,HM_id_2684,True
dbpedia_id_249,HM_id_231,False
dbpedia_id_249,HM_id_285,False
dbpedia_id_249,HM_id_231,False
dbpedia_id_249,HM_id_269,False
dbpedia_id_249,HM_id_251,False
dbpedia_id_3958,HM_id_3903,True
dbpedia_id_249,HM_id_251,False
dbpedia_id_249,HM_id_268,False
dbpedia_id_1967,HM_id_3955,True
dbpedia_id_249,HM_id_137,False
dbpedia_id_6254,HM_id_1841,True
dbpedia_id_7443,HM_id_4716,True
dbpedia_id_249,HM_id_285,False
dbpedia_id_249,HM_id_212,False
dbpedia_id_249,HM_id_330,False
dbpedia_id_249,HM_id_268,False
dbpedia_id_249,HM_id_231,False
dbpedia_id_1009,HM_id_3348,True
dbpedia_id_249,HM_id_251,False
dbpedia_id_4494,HM_id_3354,True
dbpedia_id_249,HM_id_330,False
dbpedia_id_249,HM_id_251,False
dbpedia_id_249,HM_id_268,False
dbpedia_id_249,HM_id_268,False
dbpedia_id_9739,HM_id_1901,True
dbpedia_id_249,HM_id_231,False
dbpedia_id_249,HM_id_137,False
dbpedia_id_249,HM_id_268,False
dbpedia_id_249,HM_id_269,False
dbpedia_id_3509,HM_id_2403,True
dbpedia_id_1321,HM_id_2544,True
dbpedia_id_249,HM_id_501,False
dbpedia_id_249,HM_id_285,False
dbpedia_id_6908,HM_id_4424,True
dbpedia_id_1542,HM_id_1672,True
dbpedia_id_249,HM_id_231,False
dbpedia_id_214,HM_id_2143,True
dbpedia_id_2517,HM_id_2669,True
dbpedia_id_249,HM_id_269,False
dbpedia_id_249,HM_id_155,False
dbpedia_id_249,HM_id_492,False
dbpedia_id_249,HM_id_268,False
dbpedia_id_100,HM_id_4003,True
dbpedia_id_249,HM_id_269,False
dbpedia_id_249,HM_id_229,False
dbpedia_id_1491,HM_id_2634,True
dbpedia_id_249,HM_id_4710,False
dbpedia_id_3954,HM_id_2018,True
dbpedia_id_249,HM_id_251,False
dbpedia_id_249,HM_id_155,False
dbpedia_id_249,HM_id_792,False
dbpedia_id_211,HM_id_3954,True
dbpedia_id_249,HM_id_268,False
dbpedia_id_249,HM_id_229,False
dbpedia_id_172,HM_id_1167,True
dbpedia_id_249,HM_id_4710,False
dbpedia_id_249,HM_id_269,False
dbpedia_id_6991,HM_id_2193,True
dbpedia_id_249,HM_id_137,False
dbpedia_id_9593,HM_id_3016,True
dbpedia_id_249,HM_id_229,False
dbpedia_id_249,HM_id_492,False
dbpedia_id_249,HM_id_268,False
dbpedia_id_9333,HM_id_4026,True
dbpedia_id_7390,HM_id_4360,True
dbpedia_id_249,HM_id_231,False
dbpedia_id_2075,HM_id_2555,True
dbpedia_id_249,HM_id_137,False
dbpedia_id_249,HM_id_251,False
dbpedia_id_5366,HM_id_1024,True
dbpedia_id_1098,HM_id_2623,True
dbpedia_id_249,HM_id_330,False
